Store Name,Address,City,State,Zip,County,Store Type
TRADER JOE'S BOSTON 500,500 Boylston St,Boston,MA,02116,SUFFOLK,Supermarket
TROPICAL FOODS INTERNATIONAL INC,450 Melnea Cass Blvd,Roxbury,MA,02119,SUFFOLK,Super Store
TRUONG THINH II MARKET,1305 Dorchester Ave,Dorchester,MA,02122,SUFFOLK,Super Store
Tandav Corporation,334 E 8th St,South Boston,MA,02127,SUFFOLK,Convenience Store
Target 1942,36 Furlong Dr,Revere,MA,02151,SUFFOLK,Super Store
Target Store 2822,1341 Boylston St,Boston,MA,02215,SUFFOLK,Super Store
Target Store T3363,500 Geneva Ave,Dorchester,MA,02122,SUFFOLK,Super Store
Target Store T3368,100 Cambridge St,Boston,MA,02114,SUFFOLK,Super Store
Target T3223,4165 Washington St,Roslindale,MA,02131,SUFFOLK,Super Store
Tedeschi Food Shops 37495H,320 Neponset Ave,Dorchester,MA,02122,SUFFOLK,Convenience Store
Tejeda Family Market,1435 Blue Hill Ave,Mattapan,MA,02126,SUFFOLK,Grocery Store
Tesoro Market And Deli Partnership,188 Chelsea St,East Boston,MA,02128,SUFFOLK,Grocery Store
The Corner Mini Market L.l.c.,515 Bennington St,East Boston,MA,02128,SUFFOLK,Convenience Store
The Daily Market 001,110 Savin Hill Ave,Dorchester,MA,02125,SUFFOLK,Supermarket
The Station Grocery,9 Maverick Sq,Boston,MA,02128,SUFFOLK,Convenience Store
The Wildduck Market Place,717 Boylston St,Boston,MA,02116,SUFFOLK,Convenience Store
Three S Enterprise Inc,991 River St,Hyde Park,MA,02136,SUFFOLK,Convenience Store
Tienda Y Taqueria San Antonio,257 Princeton St,East Boston,MA,02128,SUFFOLK,Convenience Store
Tjs Family Inc/Family Food Shop,609 Walk Hill St,Mattapan,MA,02126,SUFFOLK,Convenience Store
Tony's Market,4381 Washington St,Roslindale,MA,02131,SUFFOLK,Specialty Store
Top Asian Grocery,5 Knapp St,Boston,MA,02111,SUFFOLK,Grocery Store
Top Shelf,161 Charles St,Boston,MA,02114,SUFFOLK,Convenience Store
Trader Joe's 510,899 Boylston St,Boston,MA,02115,SUFFOLK,Supermarket
Trader Joe's 561,199 N Harvard St,Allston,MA,02134,SUFFOLK,Supermarket
Trader Joe's 566,44 Thomson Pl,Boston,MA,02210,SUFFOLK,Supermarket
Trader Joe's Boston (West Roxbury) 588,1999 Centre St,West Roxbury,MA,02132,SUFFOLK,Supermarket
Tremont Market,748 Tremont St,Boston,MA,02118,SUFFOLK,Convenience Store
Trenton St Market,104 Trenton St,East Boston,MA,02128,SUFFOLK,Convenience Store
Tropic Food Market,1007 Blue Hill Ave,Dorchester Center,MA,02124,SUFFOLK,Grocery Store
Tropical Food Mart,4545 Washington St,Roslindale,MA,02131,SUFFOLK,Convenience Store
Tropical Grocery Store,67 Hancock St,Dorchester,MA,02125,SUFFOLK,Grocery Store
Tropical Market,371 Centre St,Jamaica Plain,MA,02130,SUFFOLK,Convenience Store
Two Brothers Market,75 Marion St,Boston,MA,02128,SUFFOLK,Convenience Store
Two Brothers Market II,245 Revere St,Revere,MA,02151,SUFFOLK,Grocery Store
Umass Boston C-Store 94329021,100 Morrissey Blvd,Boston,MA,02125,SUFFOLK,Convenience Store
United National Market,134 Bunker Hill St,Charlestown,MA,02129,SUFFOLK,Convenience Store
Upali Convenience,3 Neponset Ave,Dorchester,MA,02122,SUFFOLK,Convenience Store
Uphams Corner Market,521 Columbia Rd,Dorchester,MA,02125,SUFFOLK,Convenience Store
Urban Farming Institute Of Boston Inc 191,487 Norfolk St,Mattapan,MA,02126,SUFFOLK,Farmers and Markets
V & D Variety,365 Adams St,Dorchester,MA,02122,SUFFOLK,Convenience Store
V & D Variety Store,1897 River St,Hyde Park,MA,02136,SUFFOLK,Convenience Store
V And D Variety,295 Adams St,Dorchester,MA,02122,SUFFOLK,Convenience Store
Vega Market Inc.,29 Maverick St,Chelsea,MA,02150,SUFFOLK,Convenience Store
Vejigantes Restaurant,57 W Dedham St,Boston,MA,02118,SUFFOLK,Restaurant Meals Program
Venice Convenience Inc,38 Cooper St,Boston,MA,02113,SUFFOLK,Convenience Store
Veronica's Market,160 Trenton St,Boston,MA,02128,SUFFOLK,Grocery Store
Vicentino's Produce Market,292 Spruce St,Chelsea,MA,02150,SUFFOLK,Convenience Store
Vicentinos Meat Market Corporation,84 Washington Ave,Chelsea,MA,02150,SUFFOLK,Grocery Store
Victory Programs Revision Urban Farm,38 Fabyan St,Dorchester Center,MA,02124,SUFFOLK,Farmers and Markets
Village Market,30 Corinth St,Roslindale,MA,02131,SUFFOLK,Supermarket
Vitoria Meat Market,152 Shirley Ave,Revere,MA,02151,SUFFOLK,Grocery Store
Vitoria Meat Market,192 Brighton Ave,Allston,MA,02134,SUFFOLK,Grocery Store
WALGREENS  07189,1630 Tremont St,Roxbury Crossing,MA,02120,SUFFOLK,Other
WINTHROP MARKETPLACE INC.,35 Revere St,Winthrop,MA,02152,SUFFOLK,Supermarket
Walden Local Butcher Shop 1,316A Shawmut Ave,Boston,MA,02118,SUFFOLK,Specialty Store
Walgreens 02933,841 Boylston St,Boston,MA,02116,SUFFOLK,Other
Walgreens 03135,825 Morton St,Mattapan,MA,02126,SUFFOLK,Other
Walgreens 05756,1 Central Sq,East Boston,MA,02128,SUFFOLK,Other
Walgreens 10317,1035 Truman Hwy,Hyde Park,MA,02136,SUFFOLK,Other
Walgreens 10824,430 Broadway,Revere,MA,02151,SUFFOLK,Other
Walgreens 15390,24 School St,Boston,MA,02108,SUFFOLK,Other
Walgreens 17169,710 E Broadway,South Boston,MA,02127,SUFFOLK,Other
Walgreens 19437,1100 Dorchester Ave,Dorchester,MA,02125,SUFFOLK,Other
Walgreens 3759,1010 Broadway,Chelsea,MA,02150,SUFFOLK,Other
Walgreens 4072,1890 Columbus Ave,Roxbury,MA,02119,SUFFOLK,Other
Warren Food Mart,394 Warren St,Roxbury,MA,02119,SUFFOLK,Convenience Store
Washington Market 1,485 Washington St,Dorchester Center,MA,02124,SUFFOLK,Convenience Store
Wave Express 1,841 Morton St,Mattapan,MA,02126,SUFFOLK,Convenience Store
We Grow Microgreens Llc,21 Norton St,Hyde Park,MA,02136,SUFFOLK,Farmers and Markets
Welcome Buddy Convenience,4196 Washington St,Roslindale,MA,02131,SUFFOLK,Convenience Store
West End Market,74 Staniford St,Boston,MA,02114,SUFFOLK,Convenience Store
West Seventh Mini Market,51 W 7th St,South Boston,MA,02127,SUFFOLK,Convenience Store
Whole Foods Market 10015,15 Washington St,Brighton,MA,02135,SUFFOLK,Super Store
Whole Foods Market 10031,15 Westland Ave,Boston,MA,02115,SUFFOLK,Super Store
Whole Foods Market 10158,181 Cambridge St,Boston,MA,02114,SUFFOLK,Super Store
Whole Foods Market 10438,415 Centre St,Jamaica Plain,MA,02130,SUFFOLK,Super Store
Whole Foods Market 10509,50 Austin St,Charlestown,MA,02129,SUFFOLK,Super Store
Whole Foods Market 10513,348 Harrison Ave,Boston,MA,02118,SUFFOLK,Super Store
Wolcott General Store,171 Wolcott Sq,Hyde Park,MA,02136,SUFFOLK,Convenience Store
Wonderland Convenience Store,1247 N Shore Rd,Revere,MA,02151,SUFFOLK,Convenience Store
Woodrow Food Mart,67 Woodrow Ave,Dorchester Center,MA,02124,SUFFOLK,Convenience Store
Y&k Mini Market,248 Market St,Brighton,MA,02135,SUFFOLK,Grocery Store
Yammy E. African Market,18 Palmer St,Roxbury,MA,02119,SUFFOLK,Other
Yessenias Market,3348 Washington St,Jamaica Plain,MA,02130,SUFFOLK,Grocery Store
Yogi's Variety,698 Broadway,Chelsea,MA,02150,SUFFOLK,Convenience Store
Meat and Fish Market,88B Blackstone St,Boston,MA,02109,SUFFOLK,Grocery Store
Mekelle Inc Dba 7-eleven Inc 32465D,1436 Centre St,Roslindale,MA,02131,SUFFOLK,Convenience Store
Merengue Express,1415 Tremont St,Roxbury Crossing,MA,02120,SUFFOLK,Restaurant Meals Program
Merengue Market II,891 Broadway,Chelsea,MA,02150,SUFFOLK,Grocery Store
Merengue Restaurant,156 Blue Hill Ave,Roxbury,MA,02119,SUFFOLK,Restaurant Meals Program
Merkato Mart and Bakery,1127 Harrison Ave,Roxbury,MA,02119,SUFFOLK,Other
Metro Herbs,11 Woodrow Ave,Dorchester Center,MA,02124,SUFFOLK,Farmers and Markets
Mickelito Multi Services Center,1589 Blue Hill Ave,Mattapan,MA,02126,SUFFOLK,Other
Millennium Store Inc,496A Blue Hill Ave,Dorchester,MA,02121,SUFFOLK,Grocery Store
Million Market,99 Chelsea St,East Boston,MA,02128,SUFFOLK,Convenience Store
Ming's Supermarket Inc.,1102 Washington St,Boston,MA,02118,SUFFOLK,Super Store
Mini Central,140 Harvard St,Dorchester,MA,02124,SUFFOLK,Convenience Store
Monumental Super Market,213 Washington St,Dorchester,MA,02121,SUFFOLK,Grocery Store
Moonlight Market,749 Broadway,Chelsea,MA,02150,SUFFOLK,Convenience Store
Morton Convenience,1139 Blue Hill Ave,Dorchester Center,MA,02124,SUFFOLK,Convenience Store
Morton Market,761 Morton St,Mattapan,MA,02126,SUFFOLK,Grocery Store
Mr Gas & Mini Market 30726,1600 Tremont St,Roxbury Crossing,MA,02120,SUFFOLK,Convenience Store
Mundial De Carnes Butchery 1,9 Meridian St,East Boston,MA,02128,SUFFOLK,Specialty Store
N&M MARKET,2359 Washington St,Roxbury,MA,02119,SUFFOLK,Convenience Store
NEIGHBORHOOD CONVENIENCE STORE,165 D St,South Boston,MA,02127,SUFFOLK,Convenience Store
NEIGHBORHOOD CONVENIENCE STORE,994 Hyde Park Ave,Hyde Park,MA,02136,SUFFOLK,Convenience Store
NUNEZ MARKET,305 Dudley St,Roxbury,MA,02119,SUFFOLK,Convenience Store
Naidelys Market,367 Blue Hill Ave,Dorchester,MA,02121,SUFFOLK,Grocery Store
Nas Convenience Store,111 Erie St,Dorchester,MA,02121,SUFFOLK,Convenience Store
Navarrete Grocery,451 Columbia Rd,Dorchester,MA,02125,SUFFOLK,Grocery Store
Neighborhood Market,57 Franklin St,Allston,MA,02134,SUFFOLK,Convenience Store
Neptune Convenience,3 Neptune Rd,Boston,MA,02128,SUFFOLK,Grocery Store
New Family Supermarket,205 Humboldt Ave,Dorchester,MA,02121,SUFFOLK,Grocery Store
New Store On The Block,845 Dorchester Ave,Dorchester,MA,02125,SUFFOLK,Convenience Store
Newtown Foodmart,87 Medford St,Charlestown,MA,02129,SUFFOLK,Convenience Store
Night Star Delli,59 Harvard Ave,Allston,MA,02134,SUFFOLK,Convenience Store
Norfolk Convenience,118 Norfolk St,Dorchester Center,MA,02124,SUFFOLK,Grocery Store
Nouria 198 Western Avenue 1172,198 Western Ave,Allston,MA,02134,SUFFOLK,Convenience Store
Nouria 345 Bennet Hwy 1295,345 Bennett Hwy,Revere,MA,02151,SUFFOLK,Convenience Store
Nouria 719 Gallivan Boulevard 1177,719 Gallivan Blvd,Dorchester,MA,02122,SUFFOLK,Convenience Store
Nouria Logan 1011,45 Transportation Way,East Boston,MA,02128,SUFFOLK,Convenience Store
Nt Lucky Variety Inc,137 Arlington St,Chelsea,MA,02150,SUFFOLK,Grocery Store
Nubia Farms NAFMNP,89 Callender St,Dorchester Center,MA,02124,SUFFOLK,Farmers and Markets
Nubian Markets,2565 Washington St,Roxbury,MA,02119,SUFFOLK,Grocery Store
Nubian Mini Market LLC,42B John Eliot Sq,Roxbury,MA,02119,SUFFOLK,Convenience Store
Nubian Square Farmers Market,149 Dudley St,Roxbury,MA,02119,SUFFOLK,Farmers and Markets
OKLA Corporation DBA/ 7 Eleven #32457D 32457D,55 Berkeley St,Boston,MA,02116,SUFFOLK,Convenience Store
ONE STOP MARKET,138 Central Ave,Chelsea,MA,02150,SUFFOLK,Convenience Store
Oasis On Ballou,100 Ballou Ave,Dorchester Center,MA,02124,SUFFOLK,Farmers and Markets
Obriens Market,1660 Dorchester Ave,Dorchester,MA,02122,SUFFOLK,Grocery Store
Oliveira's Deli Market,243 Faneuil St,Brighton,MA,02135,SUFFOLK,Grocery Store
Olympia Market,5 Atlantic Ave,Revere,MA,02151,SUFFOLK,Convenience Store
One Stop Convenience,345 Revere St,Revere,MA,02151,SUFFOLK,Convenience Store
One Stop Convenience,664 Tremont St,Boston,MA,02118,SUFFOLK,Convenience Store
Open Sea Fish Market Inc,6 Hancock St,Dorchester,MA,02125,SUFFOLK,Specialty Store
Orient Heights Food Market,1016 Bennington St,East Boston,MA,02128,SUFFOLK,Convenience Store
Oriental Farm,1353 Dorchester Ave,Dorchester,MA,02122,SUFFOLK,Farmers and Markets
Orion Market 1,233 Broadway,Chelsea,MA,02150,SUFFOLK,Convenience Store
PIMENTAL MARKET,340 Centre St,Jamaica Plain,MA,02130,SUFFOLK,Convenience Store
PURITAN BEEF CO INC,90 Blackstone St,Boston,MA,02109,SUFFOLK,Specialty Store
Palmer Food And Fuel Llc,177 Washington Ave,Chelsea,MA,02150,SUFFOLK,Convenience Store
Papis Market,3145 Washington St,Jamaica Plain,MA,02130,SUFFOLK,Convenience Store
Paradise Market Inc,517 Warren St,Dorchester,MA,02121,SUFFOLK,Grocery Store
Paradise Market Inc,517 Warren St,Dorchester,MA,02121,SUFFOLK,Grocery Store
Park N Go,613 Park St,Dorchester Center,MA,02124,SUFFOLK,Convenience Store
Park St Mini Mart,104 Park St,Chelsea,MA,02150,SUFFOLK,Convenience Store
Paw Flava Convenience,734 Blue Hill Ave,Dorchester,MA,02121,SUFFOLK,Convenience Store
Phu Cuong Market,1188 Dorchester Ave,Dorchester,MA,02125,SUFFOLK,Super Store
Phu Thinh,1826 Dorchester Ave,Dorchester Center,MA,02124,SUFFOLK,Grocery Store
Pina's Grocery Store Inc,1985A Columbus Ave,Roxbury,MA,02119,SUFFOLK,Grocery Store
Pine River Fish Market,400 American Legion Hwy,Revere,MA,02151,SUFFOLK,Specialty Store
Pisces Fish Market N/A,690 American Legion Hwy,Roslindale,MA,02131,SUFFOLK,Other
Pit Stop,695 Truman Hwy,Hyde Park,MA,02136,SUFFOLK,Convenience Store
Plaza Fish 2 Inc,777 William T Morrissey Blvd,Dorchester,MA,02122,SUFFOLK,Specialty Store
Pleasent View Market,1 Savin Hill Ave,Dorchester,MA,02125,SUFFOLK,Convenience Store
Portillo Brothers Market,60 Maverick St,Boston,MA,02128,SUFFOLK,Convenience Store
Portillo's Market,43 Everett Ave,Chelsea,MA,02150,SUFFOLK,Convenience Store
Prattville Mart,383c Washington Ave,Chelsea,MA,02150,SUFFOLK,Convenience Store
Price Rite,650 American Legion Hwy,Roslindale,MA,02131,SUFFOLK,Super Store
Price Rite 375,500 Geneva Ave,Dorchester,MA,02122,SUFFOLK,Super Store
Price Rite 377,333 Martin Luther King Blvd,Roxbury,MA,02119,SUFFOLK,Super Store
PriceRite of Revere 341,255 Squire Rd,Revere,MA,02151,SUFFOLK,Super Store
Pricerite of Hyde Park 339,870 River St,Hyde Park,MA,02136,SUFFOLK,Super Store
Primo Super Market,1349 Blue Hill Ave,Mattapan,MA,02126,SUFFOLK,Convenience Store
QUALITY MEAT MARKET,13 Corinth St,Roslindale,MA,02131,SUFFOLK,Specialty Store
Quality Mart Inc,21 Massachusetts Ave,Boston,MA,02115,SUFFOLK,Convenience Store
Quick Food Mart,490 Shirley St,Winthrop,MA,02152,SUFFOLK,Convenience Store
Quick Food Store,307 Revere St,Revere,MA,02151,SUFFOLK,Convenience Store
Quick Mart,225 Broadway,Revere,MA,02151,SUFFOLK,Grocery Store
Quick Pick Convenience,973 Tremont St,Roxbury Crossing,MA,02120,SUFFOLK,Convenience Store
Quincy Market,236 Quincy St,Dorchester,MA,02121,SUFFOLK,Convenience Store
R & R Food Market,4355 Washington St,Roslindale,MA,02131,SUFFOLK,Convenience Store
Ramzo International Market 1,268 Bowdoin St,Dorchester,MA,02122,SUFFOLK,Other
Readville Mobil,264 Neponset Valley Pkwy,Hyde Park,MA,02136,SUFFOLK,Convenience Store
Rei Da Carnes 2,209 Broadway,Revere,MA,02151,SUFFOLK,Grocery Store
Revere Beach Food Mart,161 Shirley Ave,Revere,MA,02151,SUFFOLK,Grocery Store
Revere Farmers Market,249 Broadway,Revere,MA,02151,SUFFOLK,Farmers and Markets
Richdale Food Shops 110,130 Dartmouth St,Boston,MA,02116,SUFFOLK,Convenience Store
Richdale Food Shops 120 120,120 Byron St,East Boston,MA,02128,SUFFOLK,Convenience Store
Richdale Food Shops 133,191 Shirley Ave,Revere,MA,02151,SUFFOLK,Convenience Store
Richdale Food Shops 136,1420 Dorchester Ave,Dorchester,MA,02122,SUFFOLK,Convenience Store
River Park Food Mart,1503 River St,Hyde Park,MA,02136,SUFFOLK,Convenience Store
River Street Premier Petrol,82 River St,Mattapan,MA,02126,SUFFOLK,Convenience Store
Rj Smokes & Convenience,844 Blue Hill Ave,Dorchester Center,MA,02124,SUFFOLK,Convenience Store
Roche Bros 121,8 Summer St,Boston,MA,02110,SUFFOLK,Supermarket
Roche Bros Supermarkets Inc 115,1800 Centre St,West Roxbury,MA,02132,SUFFOLK,Supermarket
Romerito Liquors Inc,168 Belgrade Ave,Roslindale,MA,02131,SUFFOLK,Convenience Store
Rosa Family Market,696 Blue Hill Ave,Dorchester,MA,02121,SUFFOLK,Convenience Store
Rosario Grocery,760 Washington St,Dorchester Center,MA,02124,SUFFOLK,Convenience Store
Rosas Tropical Market Inc,120 Washington St,Dorchester,MA,02121,SUFFOLK,Convenience Store
Rosedale Convenience,542 Washington St,Dorchester Center,MA,02124,SUFFOLK,Convenience Store
Roslindale Farmers Market,4236 Washington St,Roslindale,MA,02131,SUFFOLK,Farmers and Markets
Roslindale Food Mart,4443 Washington St,Roslindale,MA,02131,SUFFOLK,Convenience Store
Roslindale Market And Take Out,4140 Washington St,Roslindale,MA,02131,SUFFOLK,Grocery Store
Roslindale Variety Store,4254 Washington St,Roslindale,MA,02131,SUFFOLK,Convenience Store
Rotary Variety,309 Old Colony Ave,South Boston,MA,02127,SUFFOLK,Convenience Store
Round Table Urban Garden NAFMNP,7 Sterling Sq,South Boston,MA,02127,SUFFOLK,Farmers and Markets
Roxbury Market,2981 Washington St,Roxbury,MA,02119,SUFFOLK,Grocery Store
Royal African Caribbean Supermarket,63b Fairmount Ave,Hyde Park,MA,02136,SUFFOLK,Grocery Store
Ruggiero's Market,3345 Washington St,Jamaica Plain,MA,02130,SUFFOLK,Convenience Store
S S Market 1,1283 River St,Hyde Park,MA,02136,SUFFOLK,Convenience Store
S&h Fuel,931 Bennington St,East Boston,MA,02128,SUFFOLK,Convenience Store
SAFY MARKET,691 Broadway,Revere,MA,02151,SUFFOLK,Grocery Store
SCCHC Pharmacy,256 Harrison Ave,Boston,MA,02111,SUFFOLK,Convenience Store
SHAW'S SUPERMARKET 1208,246 Border St,East Boston,MA,02128,SUFFOLK,Supermarket
SHAW'S SUPERMARKET 2579,1377 Hyde Park Ave,Hyde Park,MA,02136,SUFFOLK,Supermarket
SKB Food Mart,156 Washington St,Dorchester,MA,02121,SUFFOLK,Convenience Store
Sams Market,500 River St,Mattapan,MA,02126,SUFFOLK,Convenience Store
San Juan Market,65 W Dedham St,Boston,MA,02118,SUFFOLK,Grocery Store
San Miguel Arcangel Market,317 Sumner St,East Boston,MA,02128,SUFFOLK,Grocery Store
San Miguel Market,230 Cherry St,Chelsea,MA,02150,SUFFOLK,Grocery Store
Sanchez Market,160 Bunker Hill St,Charlestown,MA,02129,SUFFOLK,Convenience Store
Sandy's Market,1973 Columbus Ave,Roxbury,MA,02119,SUFFOLK,Convenience Store
Sandy's Variety Store,378 Washington St,Dorchester Center,MA,02124,SUFFOLK,Grocery Store
Santa Fe Super Market,760 Broadway,Revere,MA,02151,SUFFOLK,Grocery Store
Saratoga Convenience,655 Saratoga St,East Boston,MA,02128,SUFFOLK,Grocery Store
Saratoga Market,16 Trident St,East Boston,MA,02128,SUFFOLK,Convenience Store
Satya Swami Inc,95 Westland Ave,Boston,MA,02115,SUFFOLK,Convenience Store
Saul Mache Mixe Store,1549 Blue Hill Ave,Mattapan,MA,02126,SUFFOLK,Other
Save Mart no361,361 Washington Ave,Chelsea,MA,02150,SUFFOLK,Grocery Store
Sayar Food Market,3 Everett St,Revere,MA,02151,SUFFOLK,Super Store
Seaport Farmers Market 1,21 Stillings St,Boston,MA,02210,SUFFOLK,Farmers and Markets
Shawmut Grocery,614 Shawmut Ave,Boston,MA,02118,SUFFOLK,Grocery Store
Shirley Ave Variety,65 Shirley Ave,Revere,MA,02151,SUFFOLK,Convenience Store
Shop N Go,354 Washington Ave,Chelsea,MA,02150,SUFFOLK,Convenience Store
Sids Smoke Shop,1120 Washington St,Boston,MA,02118,SUFFOLK,Convenience Store
Siena Farm South End,106 Waltham St,Boston,MA,02118,SUFFOLK,Farmers and Markets
Smoke Shop & Variety,666 Centre St,Jamaica Plain,MA,02130,SUFFOLK,Convenience Store
Snax Express,60 South St,Boston,MA,02111,SUFFOLK,Convenience Store
Sobrinos Market,416 Geneva Ave,Dorchester,MA,02122,SUFFOLK,Grocery Store
South Boston Market,626 Dorchester Avenue,South Boston,MA,02127,SUFFOLK,Convenience Store
South Boston Market,636 Dorchester Ave,South Boston,MA,02127,SUFFOLK,Convenience Store
South End Food Emporium,469 Columbus Ave,Boston,MA,02116,SUFFOLK,Grocery Store
Southie Gas,79 W Broadway,South Boston,MA,02127,SUFFOLK,Convenience Store
Speedway 2409,630 Squire Rd,Revere,MA,02151,SUFFOLK,Convenience Store
Speedway 2423,710 Gallivan Blvd,Dorchester Center,MA,02124,SUFFOLK,Convenience Store
Speedway 2430,874 Dorchester Ave,Dorchester,MA,02125,SUFFOLK,Convenience Store
Speedway 2448,100 Brighton Ave,Allston,MA,02134,SUFFOLK,Convenience Store
Speedway 2490,5315 Washington St,West Roxbury,MA,02132,SUFFOLK,Convenience Store
Speedway 2509,151 Old Colony Ave,Boston,MA,02127,SUFFOLK,Convenience Store
Speedway 2517,1779 Centre St,West Roxbury,MA,02132,SUFFOLK,Convenience Store
Square Bite,38 Maverick Sq,East Boston,MA,02128,SUFFOLK,Convenience Store
Square Market,3 Bartlett Rd,Winthrop,MA,02152,SUFFOLK,Convenience Store
St Peter Market,419 Adams St,Dorchester,MA,02122,SUFFOLK,Convenience Store
Star 50 Convenience,303 Geneva Ave,Dorchester,MA,02121,SUFFOLK,Convenience Store
Star Food Mart,1266 Hyde Park Ave,Hyde Park,MA,02136,SUFFOLK,Convenience Store
Star Market 2576,33 Kilmarnock St,Boston,MA,02215,SUFFOLK,Supermarket
Star Market 3577,75 Spring St,West Roxbury,MA,02132,SUFFOLK,Supermarket
Star Market 3588,1065 Commonwealth Ave,Boston,MA,02215,SUFFOLK,Supermarket
Star Market 3696,90 Causeway St,Boston,MA,02114,SUFFOLK,Supermarket
Star Market 4572,370 Western Ave,Brighton,MA,02135,SUFFOLK,Supermarket
Star Market 4587,45 William T Morrissey Blvd,Dorchester,MA,02125,SUFFOLK,Supermarket
Star Market 602,53 Huntington Ave,Boston,MA,02199,SUFFOLK,Supermarket
Star Market 604,4 River St,Dorcheste,MA,02124,SUFFOLK,Supermarket
Stoke BBQ Truck,159 Fuller St,Dorchester Center,MA,02124,SUFFOLK,Restaurant Meals Program
Stop & Shop 11,40 Furlong Dr,Revere,MA,02151,SUFFOLK,Supermarket
Stop & Shop 18,545 Freeport St,Dorchester,MA,02122,SUFFOLK,Supermarket
Stop & Shop 2489,305 Guest St,Allston,MA,02134,SUFFOLK,Supermarket
Stop & Shop 4,950 American Legion Hwy,Roslindale,MA,02131,SUFFOLK,Supermarket
Stop & Shop 412,1620 Tremont St,Boston,MA,02120,SUFFOLK,Supermarket
Stop & Shop 413,1025 Truman Hwy,Hyde Park,MA,02136,SUFFOLK,Supermarket
Stop & Shop 429,1100 Massachusetts Ave,Dorchester,MA,02125,SUFFOLK,Supermarket
Stop & Shop 43,540 Squire Rd,Revere,MA,02151,SUFFOLK,Supermarket
Stop & Shop 459,460 Blue Hill Ave,Dorchester,MA,02121,SUFFOLK,Supermarket
Stop & Shop 53,713 E Broadway,South Boston,MA,02127,SUFFOLK,Supermarket
Stop & Shop 75,301 Centre St,Jamaica Plain,MA,02130,SUFFOLK,Supermarket
Stride Corporation,150 Bennington St,East Boston,MA,02128,SUFFOLK,Grocery Store
Sully's Variety Store,890 Broadway,Chelsea,MA,02150,SUFFOLK,Convenience Store
Sumner Market,345 Sumner St,Boston,MA,02128,SUFFOLK,Convenience Store
Super Ahorros Market Llc,300 Bennington St,East Boston,MA,02128,SUFFOLK,Grocery Store
Super Convenience Store,136 Shirley Ave,Revere,MA,02151,SUFFOLK,Convenience Store
Super Family Mart,2825 Washington St,Roxbury,MA,02119,SUFFOLK,Convenience Store
Super Mart,8 Washington Ave,Chelsea,MA,02150,SUFFOLK,Convenience Store
Symphony Market,291 Huntington Ave,Boston,MA,02115,SUFFOLK,Grocery Store
T&T Convenience Mart,4 Putnam St,Winthrop,MA,02152,SUFFOLK,Convenience Store
TARGET 1898,7 Allstate Rd,Dorchester,MA,02125,SUFFOLK,Super Store
Blue River Food Shop,1239 River St,Hyde Park,MA,02136,SUFFOLK,Grocery Store
Bon Sole Market,48 Blue Hill Ave,Roxbury,MA,02119,SUFFOLK,Convenience Store
Boston Bazaar,100 Hammond St,Roxbury Crossing,MA,02120,SUFFOLK,Convenience Store
Boston Maintenance Supply Inc/BMS Paper,3390 Washington St,Jamaica Plain,MA,02130,SUFFOLK,Grocery Store
Boston Public Market Farmers Market,100 Congress St,Boston,MA,02109,SUFFOLK,Farmers and Markets
Boston Smoke Shop & Convenience Store,334 Dorchester St,South Boston,MA,02127,SUFFOLK,Convenience Store
Boston South Liquor & Spirits 426,106 South St,Boston,MA,02111,SUFFOLK,Convenience Store
Bowdoin Food Corp,217 Bowdoin St,Dorchester,MA,02122,SUFFOLK,Super Store
Bowdoin Meat Corp,130 Bowdoin St,Dorchester,MA,02122,SUFFOLK,Grocery Store
Bread 'N Butter International Market,1562 Tremont St,Roxbury Crossing,MA,02120,SUFFOLK,Convenience Store
Brighton Farmers Market,30 Chestnut Hill Ave,Brighton,MA,02135,SUFFOLK,Farmers and Markets
Brighton Winter Farmer's Market NAFMNP,640 Washington St,Brighton,MA,02135,SUFFOLK,Farmers and Markets
Broadway Convenient Mart,632 Broadway,Revere,MA,02151,SUFFOLK,Convenience Store
Broadway Mini Mart,944 Broadway,Chelsea,MA,02150,SUFFOLK,Convenience Store
Brooks Variety,32 Brooks St,Brighton,MA,02135,SUFFOLK,Convenience Store
Brothers American Legion Inc,606 American Legion Hwy,Roslindale,MA,02131,SUFFOLK,Grocery Store
Brothers Supermarket,430 Geneva Ave,Dorchester,MA,02122,SUFFOLK,Grocery Store
Brothers Supermarket Ii Inc,776 Dudley St,Dorchester,MA,02125,SUFFOLK,Super Store
Brown's Food Market,559 Dudley St,Dorchester,MA,02125,SUFFOLK,Convenience Store
Budget Mart n/a,225 Florence St,Roslindale,MA,02131,SUFFOLK,Convenience Store
C-mart,50 Herald St,Boston,MA,02118,SUFFOLK,Super Store
CD La Prima Market,216 Broadway,Chelsea,MA,02150,SUFFOLK,Convenience Store
CIRCLE K 4707521,14 W Broadway,South Boston,MA,02127,SUFFOLK,Convenience Store
CITY FEED AND SUPPLY,66A Boylston St,Jamaica Plain,MA,02130,SUFFOLK,Convenience Store
COMPARE SUPERMARKET,153 Hawthorne St,Chelsea,MA,02150,SUFFOLK,Super Store
CVS PHARAMCY  140,3 Woodside Ave,Winthrop,MA,02152,SUFFOLK,Other
CVS PHARMACY  1049,942A Hyde Park Ave,Hyde Park,MA,02136,SUFFOLK,Other
CVS PHARMACY  1259,231 Massachusetts Ave,Boston,MA,02115,SUFFOLK,Other
CVS PHARMACY  1264,704 Centre St,Jamaica Plain,MA,02130,SUFFOLK,Other
CVS PHARMACY  1265,210 Border St,East Boston,MA,02128,SUFFOLK,Other
CVS PHARMACY  1889,427 Washington St,Brighton,MA,02135,SUFFOLK,Other
CVS PHARMACY  1900,218 Hanover St,Boston,MA,02113,SUFFOLK,Other
CVS PHARMACY  2070,467 Centre St,Jamaica Plain,MA,02130,SUFFOLK,Other
CVS PHARMACY  2282,703 Gallivan Blvd,Dorchester Center,MA,02124,SUFFOLK,Other
CVS PHARMACY  2592,468 Blue Hill Ave,Dorchester,MA,02121,SUFFOLK,Other
CVS PHARMACY  524,350 Longwood Ave,Boston,MA,02115,SUFFOLK,Other
CVS PHARMACY  979,423 W Broadway,South Boston,MA,02127,SUFFOLK,Other
CVS PHARMACY #49 0049,333 Washington St,Boston,MA,02108,SUFFOLK,Other
CVS PHARMACY 1024,1266 Commonwealth Ave,Allston,MA,02134,SUFFOLK,Other
CVS PHARMACY 117,1921 Centre St,West Roxbury,MA,02132,SUFFOLK,Other
CVS PHARMACY 1258,191 Cambridge St,Boston,MA,02114,SUFFOLK,Other
CVS PHARMACY 2283,715 William T Morrissey Blvd,Dorchester,MA,02122,SUFFOLK,Other
CVS PHARMACY 55,1927 Beacon St,Brighton,MA,02135,SUFFOLK,Other
CVS PHARMACY 9,339 Squire Rd,Revere,MA,02151,SUFFOLK,Other
CVS Pharmacy 1009,509 Main St,Charlestown,MA,02129,SUFFOLK,Other
CVS Pharmacy 10174,650 Atlantic Ave,Boston,MA,02111,SUFFOLK,Other
CVS Pharmacy 1031,4600 Washington St,Roslindale,MA,02131,SUFFOLK,Other
CVS Pharmacy 10517,85 Seaport Blvd,Boston,MA,02210,SUFFOLK,Other
CVS Pharmacy 10868,5 Washington St,Brighton,MA,02135,SUFFOLK,Other
CVS Pharmacy 11036,451 Washington St,Dorchester Center,MA,02124,SUFFOLK,Other
CVS Pharmacy 11082,345 Harrison Ave,Boston,MA,02118,SUFFOLK,Other
CVS Pharmacy 11200,55 Huntington Ave,Boston,MA,02199,SUFFOLK,Other
CVS Pharmacy 1199,647 Vfw Pkwy,Chestnut Hill,MA,02467,SUFFOLK,Other
CVS Pharmacy 1206,240 Newbury St,Boston,MA,02116,SUFFOLK,Other
CVS Pharmacy 1217,587 Boylston St,Boston,MA,02116,SUFFOLK,Other
CVS Pharmacy 260,155 Charles St,Boston,MA,02114,SUFFOLK,Other
CVS Pharmacy 3890,207 Market St,Brighton,MA,02135,SUFFOLK,Other
CVS Pharmacy 4666,101A Canal St,Boston,MA,02114,SUFFOLK,Other
CVS Pharmacy 471,778 Dudley St,Dorchester,MA,02125,SUFFOLK,Other
CVS Pharmacy 5382,181 Brighton Ave,Allston,MA,02134,SUFFOLK,Other
CVS Pharmacy 5464,1575 Blue Hill Ave,Mattapan,MA,02126,SUFFOLK,Other
CVS Pharmacy 5874,631 Washington St,Boston,MA,02111,SUFFOLK,Other
CVS Pharmacy 619,1150 Saratoga St,Boston,MA,02128,SUFFOLK,Other
CVS Pharmacy 720,2235 Dorchester Ave,Dorchester Center,MA,02124,SUFFOLK,Other
CVS Pharmacy 8972,285 Columbus Ave,Boston,MA,02116,SUFFOLK,Other
CVS Pharmacy CVS11201,191 Stuart St,Boston,MA,02116,SUFFOLK,Other
CVS Pharmacy Inc 109,1010 Revere Beach Pkwy,Chelsea,MA,02150,SUFFOLK,Other
CVS Pharmacy Inc 496,324 Broadway,Chelsea,MA,02150,SUFFOLK,Other
Cambio Latino,984 Saratoga St,East Boston,MA,02128,SUFFOLK,Convenience Store
Camilo Market,204 Washington St,Dorchester,MA,02121,SUFFOLK,Convenience Store
Camilo Market,280 Centre St,Jamaica Plain,MA,02130,SUFFOLK,Convenience Store
Camilos Market,1588 Columbus Ave,Roxbury,MA,02119,SUFFOLK,Grocery Store
Cappys Convenience Store,949 Dorchester Ave,Dorchester,MA,02125,SUFFOLK,Convenience Store
Caribbean Choice & Varieties,1615 Blue Hill Ave,Mattapan,MA,02126,SUFFOLK,Grocery Store
Carmella's Market,86 Cottage St,East Boston,MA,02128,SUFFOLK,Other
Casali Market,775 Adams St,Dorchester Center,MA,02124,SUFFOLK,Convenience Store
Castillo Family Market Inc.,446 Hyde Park Ave,Roslindale,MA,02131,SUFFOLK,Convenience Store
Central Convenience,194 Dudley St,Roxbury,MA,02119,SUFFOLK,Convenience Store
Central Convenience,218 Blue Hill Ave,Roxbury,MA,02119,SUFFOLK,Convenience Store
Central Convenience,395 Bowdoin St,Dorchester,MA,02122,SUFFOLK,Convenience Store
Century Convenience,766 Blue Hill Ave,Dorchester Center,MA,02124,SUFFOLK,Convenience Store
Chamas Mart & Convenience Store Inc.,198 Humboldt Ave,Dorchester,MA,02121,SUFFOLK,Grocery Store
Chansky's Super Market,1700 Commonwealth Ave,Brighton,MA,02135,SUFFOLK,Convenience Store
Cheema Supermarket,562 Cambridge St,Allston,MA,02134,SUFFOLK,Grocery Store
Chelsea Food Mart,483 Broadway,Chelsea,MA,02150,SUFFOLK,Convenience Store
Cibao Market,3936 Washington St,Roslindale,MA,02131,SUFFOLK,Grocery Store
Cimino Meat Market,224 Winthrop St,Winthrop,MA,02152,SUFFOLK,Grocery Store
City Feed And Supply 2,672 Centre St,Jamaica Plain,MA,02130,SUFFOLK,Other
City Food Mart,571 Broadway,Chelsea,MA,02150,SUFFOLK,Convenience Store
Citywide Convienience,1886 Dorchester Ave,Dorchester Center,MA,02124,SUFFOLK,Convenience Store
Claudia Market,160 Humboldt Ave,Dorchester,MA,02121,SUFFOLK,Convenience Store
Clinton Market,702 American Legion Hwy,Roslindale,MA,02131,SUFFOLK,Grocery Store
Codman Square Farmers Market NAFMNP,360 Talbot Ave,Dorchester Center,MA,02124,SUFFOLK,Farmers and Markets
Codman Square Market N/A,331 Centre St,Jamaica Plain,MA,02130,SUFFOLK,Grocery Store
College Convenience,281 Huntington Ave,Boston,MA,02115,SUFFOLK,Convenience Store
Community Convenience,44 Norfolk St,Dorchester Center,MA,02124,SUFFOLK,Convenience Store
Community Latin Grosery,136A Highland St,Chelsea,MA,02150,SUFFOLK,Grocery Store
Compadres Meat Market,3105 Washington St,Roxbury,MA,02119,SUFFOLK,Grocery Store
Congress Market,67 Congress Ave,Chelsea,MA,02150,SUFFOLK,Convenience Store
Convenience Corner,1688 Dorchester Ave,Dorchester,MA,02122,SUFFOLK,Convenience Store
Convenience Market And Deli,270 Broadway,Revere,MA,02151,SUFFOLK,Convenience Store
Convenience Plus,40 Worcester Sq,Boston,MA,02118,SUFFOLK,Convenience Store
Copley Food Market,316 Bowdoin St,Dorchester,MA,02122,SUFFOLK,Grocery Store
Copley Square Farmers Mkt/Fed of MA FM,Saint James  Dartmouth & Boylston Sts,Boston,MA,02116,SUFFOLK,Farmers and Markets
Corner Store of BHA,867 Blue Hill Ave,Dorchester Center,MA,02124,SUFFOLK,Convenience Store
Court Market,505 Washington St,Dorchester Center,MA,02124,SUFFOLK,Convenience Store
Cram Seafood Co Inc,145 Shirley St,Roxbury,MA,02119,SUFFOLK,Other
Creation Meat Market LLC,398 Broadway,Revere,MA,02151,SUFFOLK,Convenience Store
Cristian Market,411 Blue Hill Ave,Dorchester,MA,02121,SUFFOLK,Convenience Store
Crown Smoke Shop & More,216 Adams St,Dorchester,MA,02122,SUFFOLK,Convenience Store
Cruz Market,237 Bowdoin St,Dorchester,MA,02122,SUFFOLK,Convenience Store
Cumberland Farms 3524,148 Chestnut Hill Ave,Brighton,MA,02135,SUFFOLK,Convenience Store
Cumberland Farms Inc 3435,48 Revere St,Winthrop,MA,02152,SUFFOLK,Convenience Store
Cummins Market,290 Cummins Hwy,Roslindale,MA,02131,SUFFOLK,Grocery Store
D & D Convenience Store,1002 Dorchester Ave,Dorchester,MA,02125,SUFFOLK,Convenience Store
D & T Market,291 Shirley St,Winthrop,MA,02152,SUFFOLK,Convenience Store
D Market,658 Washington St,Dorchester Center,MA,02124,SUFFOLK,Convenience Store
D'santa Market,146 Norfolk St,Dorchester Center,MA,02124,SUFFOLK,Grocery Store
DAVEY'S SUPERMARKET,438 Dudley St,Roxbury,MA,02119,SUFFOLK,Grocery Store
DIANA MARKET,170 Cottage St,East Boston,MA,02128,SUFFOLK,Grocery Store
Home Market,165 Belgrade Ave,Roslindale,MA,02131,SUFFOLK,Other
Hong Kong Supermarket of Allston LLC 1,1 Brighton Ave.,Allston,MA,02134,SUFFOLK,Super Store
Huntington Market,1795 Commonwealth Ave,Brighton,MA,02135,SUFFOLK,Convenience Store
Huntington Market,818 Huntington Ave,Boston,MA,02115,SUFFOLK,Convenience Store
Hyde Park Market,853 River St,Hyde Park,MA,02136,SUFFOLK,Convenience Store
Hydepark Convenience,59 Fairmount Ave,Hyde Park,MA,02136,SUFFOLK,Convenience Store
International & Natural Bakery,30 Wallingford Rd,Brighton,MA,02135,SUFFOLK,Grocery Store
International Halal Market,1433 Tremont St,Roxbury Crossing,MA,02120,SUFFOLK,Grocery Store
J & J Discount Mini Mart,131 W Broadway,Boston,MA,02127,SUFFOLK,Convenience Store
J K Market 2,232 Sumner St,East Boston,MA,02128,SUFFOLK,Grocery Store
J&G MARKET,274 Hyde Park Ave,Jamaica Plain,MA,02130,SUFFOLK,Convenience Store
JP Convenience,546 Centre St,Jamaica Plain,MA,02130,SUFFOLK,Convenience Store
JP Convenience Store Inc,36 Gay Head St,Jamaica Plain,MA,02130,SUFFOLK,Convenience Store
JV Market,560 Washington Ave,Chelsea,MA,02150,SUFFOLK,Convenience Store
Jalpa Corporation,573 Dorchester Ave,South Boston,MA,02127,SUFFOLK,Convenience Store
Jamie's Variety,113 H St,Boston,MA,02127,SUFFOLK,Convenience Store
Jesula Variety Store,1549 Blue Hill Ave,Mattapan,MA,02126,SUFFOLK,Grocery Store
Jhade Supermarket Inc.,481 Geneva Ave,Dorchester,MA,02122,SUFFOLK,Grocery Store
Jia Ho Supermarket,692 Washington St,Boston,MA,02111,SUFFOLK,Super Store
Jims Variety,256 W 5th St,Boston,MA,02127,SUFFOLK,Convenience Store
Jk Market 1,140 Princeton St,East Boston,MA,02128,SUFFOLK,Convenience Store
Joe's Kwik Mart 507,219 Cambridge St,Allston,MA,02134,SUFFOLK,Convenience Store
Joe's Kwik Marts 515,41 Lee Burbank Hwy,Revere,MA,02151,SUFFOLK,Convenience Store
Joe's Market,338 Squire Rd,Revere,MA,02151,SUFFOLK,Convenience Store
Johnny's Market,1758 River St,Hyde Park,MA,02136,SUFFOLK,Convenience Store
Johnnys Market Iii,54 Washington Ave,Chelsea,MA,02150,SUFFOLK,Convenience Store
Jones Hill Convenience,20 Hancock St,Dorchester,MA,02125,SUFFOLK,Convenience Store
Jp Corner Store N/A,186 Heath St,Jamaica Plain,MA,02130,SUFFOLK,Grocery Store
Jus Buy It Records,323 Washington St,Dorchester,MA,02121,SUFFOLK,Convenience Store
Kaba African Market,29 Roxbury St,Roxbury,MA,02119,SUFFOLK,Other
Karlas Market,102 Shirley Ave,Revere,MA,02151,SUFFOLK,Convenience Store
Kim Fish Market,551 Washington St,Dorchester Center,MA,02124,SUFFOLK,Specialty Store
Kim's Fish Market,551 Washington St,Dorchester Center,MA,02124,SUFFOLK,Specialty Store
LEE'S SUPERMARKET,1591 Commonwealth Ave,Brighton,MA,02135,SUFFOLK,Convenience Store
LORD JEFF,129 Newmarket Sq,Boston,MA,02118,SUFFOLK,Grocery Store
La Baguette Prime Bakery 426,637 River St,Mattapan,MA,02126,SUFFOLK,Other
La Bamba Market,1 Lorne St,Dorchester Center,MA,02124,SUFFOLK,Convenience Store
La Bendicion Supermarket,32 Bennington St,Boston,MA,02128,SUFFOLK,Convenience Store
La Borinquena Grocery,534 Dudley St,Roxbury,MA,02119,SUFFOLK,Grocery Store
La Economica Meat Market,164 Park St,Chelsea,MA,02150,SUFFOLK,Grocery Store
La Esperanza Market,238 Meridian St,East Boston,MA,02128,SUFFOLK,Convenience Store
La Favorita Market,66 Harvard Ave,Allston,MA,02134,SUFFOLK,Grocery Store
La Metapaneca Meat Market,11 2nd St,Chelsea,MA,02150,SUFFOLK,Grocery Store
La Oaxaquena LLC,701 Broadway,Revere,MA,02151,SUFFOLK,Grocery Store
La Parada Dominican Kitchen,3094 Washington St,Roxbury,MA,02119,SUFFOLK,Restaurant Meals Program
La Peraviana Market Inc.,3095 Washington St,Roxbury,MA,02119,SUFFOLK,Convenience Store
La Riqueza Market Inc,132 Meridian St,East Boston,MA,02128,SUFFOLK,Grocery Store
La Union Market And Butchery,105 Chelsea St,East Boston,MA,02128,SUFFOLK,Grocery Store
Labatour Goods NAFMNP,512 Park St,Dorchester Center,MA,02124,SUFFOLK,Farmers and Markets
Lambert Bros Inc.,777 Morrissey Blvd,Dorchester,MA,02122,SUFFOLK,Super Store
Lambert's Marketplace,140 Tremont St,Boston,MA,02111,SUFFOLK,Convenience Store
Las Villas Market,78 Mozart St,Jamaica Plain,MA,02130,SUFFOLK,Grocery Store
Latino Express Inc,7 Everett Ave,Chelsea,MA,02150,SUFFOLK,Convenience Store
Ledeta Gebeya,381 Dudley St,Roxbury,MA,02119,SUFFOLK,Other
Lee's 2 Market,1383 Commonwealth Ave,Allston,MA,02134,SUFFOLK,Convenience Store
Lee's Store,982 Dorchester Ave,Dorchester,MA,02125,SUFFOLK,Convenience Store
Lily's Market,1286A Blue Hill Ave,Mattapan,MA,02126,SUFFOLK,Convenience Store
Lio Meat Corp/America's Food Basket,926 Cummins Hwy,Mattapan,MA,02126,SUFFOLK,Super Store
Liriano Grocery,1813 Washington St,Boston,MA,02118,SUFFOLK,Convenience Store
Llanera Supermarket,258 E 8th St,Boston,MA,02127,SUFFOLK,Grocery Store
Lluvias Dollar Store Plus,3122 Washington St,Roxbury,MA,02119,SUFFOLK,Convenience Store
Los Caballeros Market Inc,796 Washington St,Dorchester Center,MA,02124,SUFFOLK,Grocery Store
Los Paisanos Market,11 Meridian St,East Boston,MA,02128,SUFFOLK,Grocery Store
Lucky Convenience  Mart,1 Pauline St,Winthrop,MA,02152,SUFFOLK,Convenience Store
Luna Llena Market LLC 1,149 Chestnut St,Chelsea,MA,02150,SUFFOLK,Convenience Store
Lynchs Market,626 Adams St,Dorchester,MA,02122,SUFFOLK,Convenience Store
M & R Store,718 Shawmut Ave,Roxbury,MA,02119,SUFFOLK,Convenience Store
MARKET BASKET 32,170 Everett Ave,Chelsea,MA,02150,SUFFOLK,Super Store
Mama Supermarket,1178 Blue Hill Ave,Mattapan,MA,02126,SUFFOLK,Convenience Store
Mana Supermarket,351 Meridian St,East Boston,MA,02128,SUFFOLK,Grocery Store
Marcella Market,80 Marcella St,Roxbury,MA,02119,SUFFOLK,Convenience Store
Maria Store,777 Dorchester Ave,Dorchester,MA,02125,SUFFOLK,Convenience Store
Maria's Market,1760 Dorchester Ave,Dorchester,MA,02124,SUFFOLK,Convenience Store
Marino's Market,1906 Centre St,West Roxbury,MA,02132,SUFFOLK,Convenience Store
Marinos Market,1245 Vfw Pkwy,West Roxbury,MA,02132,SUFFOLK,Convenience Store
Market Basket 74,275 Squire Rd,Revere,MA,02151,SUFFOLK,Super Store
Market Del Sol,60 Addison St,Chelsea,MA,02150,SUFFOLK,Convenience Store
Marlboro Market,58 Marlborough St,Chelsea,MA,02150,SUFFOLK,Grocery Store
Masud Food Shop,1643 Blue Hill Ave,Mattapan,MA,02126,SUFFOLK,Convenience Store
Mattapan Fish Market,1600 Blue Hill Ave,Mattapan,MA,02126,SUFFOLK,Specialty Store
Mattapan Gas Station Inc.,682 Cummins Hwy,Mattapan,MA,02126,SUFFOLK,Convenience Store
Mattapan Square Farmers' Market,882 Cummins Hwy,Mattapan,MA,02126,SUFFOLK,Farmers and Markets
Mattapan Square Mobil,1556 Blue Hill Ave,Mattapan,MA,02126,SUFFOLK,Convenience Store
Maverick Street Market,207 Maverick St,East Boston,MA,02128,SUFFOLK,Convenience Store
Mayfair Foods,506 Cambridge St,Allston,MA,02134,SUFFOLK,Grocery Store
10 - Eleven n/a,218 Bowdoin St,Dorchester,MA,02122,SUFFOLK,Convenience Store
249 Blue Hill Corp,249 Blue Hill Ave,Roxbury,MA,02119,SUFFOLK,Grocery Store
6-Twelve Enterprise Inc.,628 E Broadway,South Boston,MA,02127,SUFFOLK,Convenience Store
7 Day Store,668 Winthrop Ave,Revere,MA,02151,SUFFOLK,Convenience Store
7 ELEVEN 33467A,1747 Washington St,Boston,MA,02118,SUFFOLK,Convenience Store
7 Eleven  (32460D) 32460D,121 Jersey St,Boston,MA,02215,SUFFOLK,Convenience Store
7 Eleven (35659A) 35659A,3 Center Plaza,Boston,MA,02108,SUFFOLK,Convenience Store
7 Eleven 32442B,722 Huntington Ave,Boston,MA,02115,SUFFOLK,Convenience Store
7 Eleven 33568B,473 W Broadway,Boston,MA,02127,SUFFOLK,Convenience Store
7 Eleven 34393A,127 Broadway,Revere,MA,02151,SUFFOLK,Convenience Store
7 Eleven 37355A,1187 Hyde Park Ave,Hyde Park,MA,02136,SUFFOLK,Other
7 Eleven 37375a 37375A,14 Maverick Sq,East Boston,MA,02128,SUFFOLK,Convenience Store
7 To 11 Convenience,149 Stoughton St,Dorchester,MA,02125,SUFFOLK,Convenience Store
7-Eleven 32454F,584 Washington St,Brighton,MA,02135,SUFFOLK,Convenience Store
7-Eleven 34396B,1710 Centre St,West Roxbury,MA,02132,SUFFOLK,Convenience Store
7-Eleven 34418a 34418a,342 Hanover Street,Boston,MA,02113,SUFFOLK,Convenience Store
7-Eleven 37367A,509 Cambridge St,Allston,MA,02134,SUFFOLK,Convenience Store
7-Eleven 37423,177 State St,Boston,MA,02109,SUFFOLK,Convenience Store
7-Eleven 37502,187 East Cottage,Dorchester,MA,02125,SUFFOLK,Convenience Store
7-Eleven 40076,1030 Broadway,Revere,MA,02151,SUFFOLK,Convenience Store
7-Eleven 40292H,1781 N Shore Rd,Revere,MA,02151,SUFFOLK,Convenience Store
7-Eleven Inc. 37511B,7 Spring St,West Roxbury,MA,02132,SUFFOLK,Convenience Store
7-Eleven Store 32475 32475,451 Centre St,Jamaica Plain,MA,02130,SUFFOLK,Convenience Store
7-eleven 27471c 27471,1120 N Shore Rd,Revere,MA,02151,SUFFOLK,Convenience Store
7-eleven 32429B,115 Broadway,Chelsea,MA,02150,SUFFOLK,Convenience Store
7-eleven 32463F,252 W Newton St,Boston,MA,02116,SUFFOLK,Convenience Store
7-eleven 32466C,261 Dartmouth St,Boston,MA,02116,SUFFOLK,Convenience Store
7-eleven 32467C,2002 Beacon St,Brighton,MA,02135,SUFFOLK,Convenience Store
7-eleven 32476C,91 Causeway St,Boston,MA,02114,SUFFOLK,Convenience Store
7-eleven 32480C,8 Park Plz,Boston,MA,02116,SUFFOLK,Convenience Store
7-eleven 32874C,730 Morrissey Blvd,Dorchester,MA,02122,SUFFOLK,Convenience Store
7-eleven 33058D,50 Summer St,Boston,MA,02110,SUFFOLK,Convenience Store
7-eleven 33615c 33615C,532 Commonwealth Ave,Boston,MA,02215,SUFFOLK,Convenience Store
7-eleven 34389,43 Revere St,Winthrop,MA,02152,SUFFOLK,Convenience Store
7-eleven 37362A,140 Main St,Charlestown,MA,02129,SUFFOLK,Convenience Store
7-eleven 37368B,241 Market St,Brighton,MA,02135,SUFFOLK,Convenience Store
7-eleven 37369A,141 Massachusetts Ave,Boston,MA,02115,SUFFOLK,Convenience Store
7-eleven 37371A,122 Cambridge St,Boston,MA,02114,SUFFOLK,Convenience Store
7-eleven 37492b 37492B,566 Dorchester Ave,South Boston,MA,02127,SUFFOLK,Convenience Store
7-eleven 37526A,1227 Commonwealth Ave,Allston,MA,02134,SUFFOLK,Convenience Store
A & P Convenience Store Inc,1622 Blue Hill Ave,Mattapan,MA,02126,SUFFOLK,Grocery Store
A Good Mart,27 Harrison Ave,Boston,MA,02111,SUFFOLK,Grocery Store
ALLSTON MARKET,169 Harvard Ave,Allston,MA,02134,SUFFOLK,Grocery Store
AMERICA'S FOOD BASKET,942 Hyde Park Ave,Hyde Park,MA,02136,SUFFOLK,Super Store
ANGKOR THOM MARKET,157 Shirley Ave,Revere,MA,02151,SUFFOLK,Grocery Store
Abyssinia Market NO,1127 Harrison Ave,Roxbury,MA,02119,SUFFOLK,Grocery Store
Ac Farm Market,1429 Dorchester Ave,Dorchester,MA,02122,SUFFOLK,Specialty Store
Acropolis Supermarket,533 Columbia Rd,Dorchester,MA,02125,SUFFOLK,Grocery Store
Adam Halal Market N/A,1 Atlantic Ave,Revere,MA,02151,SUFFOLK,Grocery Store
Aguasvivas Market Inc,926 Morton St,Mattapan,MA,02126,SUFFOLK,Grocery Store
Al Amin Enterprise,728 Dudley St,Dorchester,MA,02125,SUFFOLK,Convenience Store
Al Prime Energy Co/Al Prime Energy - Revere 103,655 Revere Beach Pkwy,Revere,MA,02151,SUFFOLK,Convenience Store
Alex Market IV,462 Talbot Ave,Dorchester,MA,02124,SUFFOLK,Convenience Store
Ambaji Corporation,1290 N Shore Rd,Revere,MA,02151,SUFFOLK,Convenience Store
America's Food Market,576 Washington St,Dorchester Center,MA,02124,SUFFOLK,Super Store
American Food Market,1187 Blue Hill Ave,Mattapan,MA,02126,SUFFOLK,Grocery Store
Americas Grocery Llc,970 Blue Hill Ave,Dorchester Center,MA,02124,SUFFOLK,Convenience Store
Angels Market,503B Washington St,Dorchester Center,MA,02124,SUFFOLK,Grocery Store
Anthonys Market,407A Meridian St,East Boston,MA,02128,SUFFOLK,Grocery Store
Apollo's Market,918 Morton St,Mattapan,MA,02126,SUFFOLK,Convenience Store
Archana Corporation,77 Stoughton St,Dorchester,MA,02125,SUFFOLK,Convenience Store
Aries Market NA,5 Lewis Mall,East Boston,MA,02128,SUFFOLK,Convenience Store
Ashley Market Inc,731 Dudley St,Dorchester,MA,02125,SUFFOLK,Convenience Store
Ashmont Convenience Store,1996 Dorchester Ave,Dorchester Center,MA,02124,SUFFOLK,Convenience Store
Ashmont Farmers Market,1900 Dorchester Ave,Dorchester Center,MA,02124,SUFFOLK,Farmers and Markets
Ashmont Food Mart,1921 Dorchester Ave,Dorchester Center,MA,02124,SUFFOLK,Convenience Store
Ashmont Market & Liquor,630 Adams St,Dorchester,MA,02122,SUFFOLK,Grocery Store
Au Beurre Chaud Bakery,721 River St,Hyde Park,MA,02136,SUFFOLK,Specialty Store
B & 4th Street Variety,178 W 4th St,Boston,MA,02127,SUFFOLK,Convenience Store
BEREZKA INTERNATIONAL FOOD STORE,1215 Commonwealth Ave,Allston,MA,02134,SUFFOLK,Grocery Store
BJ's Wholesale Club 175,5 Ward St,Revere,MA,02151,SUFFOLK,Super Store
BNC Market,230 Broadway,Chelsea,MA,02150,SUFFOLK,Convenience Store
BROTHERS SUPER MARKET,46 Washington St,Dorchester,MA,02121,SUFFOLK,Super Store
Babushka Deli,62 Washington St,Brighton,MA,02135,SUFFOLK,Grocery Store
Bailey's Too,354 W Broadway,Boston,MA,02127,SUFFOLK,Convenience Store
Bay Sweets Market,120 Spring St,West Roxbury,MA,02132,SUFFOLK,Grocery Store
Bazaar On Cambridge Street,424 Cambridge St,Allston,MA,02134,SUFFOLK,Other
Beacon Convenience,1912 Beacon St,Brighton,MA,02135,SUFFOLK,Convenience Store
Beef And Turkey Convenience,290 Washington St,Brighton,MA,02135,SUFFOLK,Convenience Store
Bella Isla,181 Washington Ave,Chelsea,MA,02150,SUFFOLK,Restaurant Meals Program
Bellas Market,73 Maverick Sq,Boston,MA,02128,SUFFOLK,Convenience Store
Black Bag Mini Mart Inc,137 Blue Hill Ave,Roxbury,MA,02119,SUFFOLK,Convenience Store
Blue Hill Convience Store,1112 Blue Hill Ave,Dorchester Center,MA,02124,SUFFOLK,Convenience Store
Blue Hill Halal Market,20 Blue Hill Ave,Roxbury,MA,02119,SUFFOLK,Grocery Store
Blue Hill Market,1366 Blue Hill Ave,Mattapan,MA,02126,SUFFOLK,Convenience Store
El Primo Market Inc,230 Columbia Rd,Dorchester,MA,02121,SUFFOLK,Convenience Store
El Regreso Market,322 Blue Hill Ave,Dorchester,MA,02121,SUFFOLK,Convenience Store
El Tipico Salvadoreno Market Corp 0,227 Revere St,Revere,MA,02151,SUFFOLK,Convenience Store
El Valle De La Sultana Market Inc,123 Bennington St,Boston,MA,02128,SUFFOLK,Grocery Store
Eladia Mini Market 1,402 Saratoga St,East Boston,MA,02128,SUFFOLK,Convenience Store
Elaines Place,420 Revere Beach,Revere,MA,02125,SUFFOLK,Convenience Store
Elia's Food Mart,4 Park Ave,Revere,MA,02151,SUFFOLK,Grocery Store
Elisabeth Market,1 Blue Hill Ave,Roxbury,MA,02119,SUFFOLK,Convenience Store
Emmanuel Convenience Store,178 Bennington St,East Boston,MA,02128,SUFFOLK,Grocery Store
Emporio Andujar Corporation,4441 Washington St,Roslindale,MA,02131,SUFFOLK,Convenience Store
Enana's Market Corporation,14 Central Ave,Chelsea,MA,02150,SUFFOLK,Convenience Store
Energy North 2107,2 Shirley St,Winthrop,MA,02152,SUFFOLK,Convenience Store
Energy North 2142,3055 Washington St,Boston,MA,02119,SUFFOLK,Convenience Store
Erfan's Market,219 Dudley St,Roxbury,MA,02119,SUFFOLK,Convenience Store
Essex Market,90 Essex St,Chelsea,MA,02150,SUFFOLK,Grocery Store
Ethiopian Market,43 Roxbury St,Roxbury,MA,02119,SUFFOLK,Specialty Store
Evan To Go,411 Adams St,Dorchester,MA,02122,SUFFOLK,Other
Evelyn's Market,298 Centre St,Jamaica Plain,MA,02130,SUFFOLK,Convenience Store
Evidence Of Trust,63 Poplar St,Roslindale,MA,02131,SUFFOLK,Other
Express Stop Market 1,124 Harvard St,Dorchester Center,MA,02124,SUFFOLK,Convenience Store
Ez Convenience,644 Washington Ave,Chelsea,MA,02150,SUFFOLK,Convenience Store
FOODIE'S URBAN MARKET,1421 Washington St,Boston,MA,02118,SUFFOLK,Super Store
FREDDY'S MARKET INC.,302A Centre St,Jamaica Plain,MA,02130,SUFFOLK,Grocery Store
Fair Price Market,1470 N Shore Rd,Revere,MA,02151,SUFFOLK,Supermarket
Fairmont Food Mart,674 Truman Hwy,Hyde Park,MA,02136,SUFFOLK,Convenience Store
Family Brothers Market,51 Cottage St,East Boston,MA,02128,SUFFOLK,Grocery Store
Family Dollar 11662,273 Columbia Rd,Dorchester,MA,02121,SUFFOLK,Other
Family Dollar 2684,22 Bennington St,Boston,MA,02128,SUFFOLK,Other
Family Dollar 6068,615 Broadway,Chelsea,MA,02150,SUFFOLK,Other
Family Dollar Store 7248,995 Blue Hill Ave,Dorchester Center,MA,02124,SUFFOLK,Other
Family Dollar Store 8063,24 Corinth St,Roslindale,MA,02131,SUFFOLK,Other
Family Food Mart,324 Revere Beach Pkwy,Chelsea,MA,02150,SUFFOLK,Convenience Store
Family Market,369 Broadway,Chelsea,MA,02150,SUFFOLK,Convenience Store
Family Market,71 Day St,Jamaica Plain,MA,02130,SUFFOLK,Grocery Store
Farmers Collaborative Urban Garden NAFMNP,632 Norton St,Boston,MA,02124,SUFFOLK,Farmers and Markets
Fastop Inc,914 Huntington Ave,Boston,MA,02115,SUFFOLK,Convenience Store
Father & Son,1437 Commonwealth Ave,Brighton,MA,02135,SUFFOLK,Convenience Store
Fernandez Cousins Grocery,1150 Blue Hill Ave,Dorchester Center,MA,02124,SUFFOLK,Grocery Store
Fernandez Fruit Market,278 Centre St,Jamaica Plain,MA,02130,SUFFOLK,Specialty Store
Fernandez Liquor Ii,1216 Blue Hill Ave,Mattapan,MA,02126,SUFFOLK,Convenience Store
Fernandez Liquors 6,1151 Blue Hill Ave,Dorchester Center,MA,02124,SUFFOLK,Convenience Store
Fernandez Liquors Iii,2665 Washington St,Roxbury,MA,02119,SUFFOLK,Convenience Store
Fessenden Family Market,1300 Blue Hill Ave,Mattapan,MA,02126,SUFFOLK,Grocery Store
Fields Corner Store,1489 Dorchester Ave,Dorchester,MA,02122,SUFFOLK,Convenience Store
Fine Mart N/P,260 Broadway,Chelsea,MA,02150,SUFFOLK,Convenience Store
First Choice Mkt,185 Howard Ave,Dorchester,MA,02125,SUFFOLK,Grocery Store
Fish & Farm Market NAFMNP,234 Northern Ave,Boston,MA,02210,SUFFOLK,Farmers and Markets
Foodies South Boston LLC,230 W Broadway,Boston,MA,02127,SUFFOLK,Super Store
Foodland 3,199 Adams St,Dorchester,MA,02122,SUFFOLK,Grocery Store
Forest Hills Convenience,2 Hyde Park Ave,Jamaica Plain,MA,02130,SUFFOLK,Convenience Store
Four Provinces,2253 Dorchester Ave,Dorchester Center,MA,02124,SUFFOLK,Convenience Store
Fresh Food Generation,185 Talbot Ave,Dorchester Center,MA,02124,SUFFOLK,Restaurant Meals Program
Fresh Truck (Route),57 Magazine St,Roxbury,MA,02119,SUFFOLK,Other
Fuentes Market & Liquors,678 Parker St,Roxbury Crossing,MA,02120,SUFFOLK,Grocery Store
Fuller Market,851 Washington St,Dorchester Center,MA,02124,SUFFOLK,Grocery Store
G & V Symphony Market,1130 Boylston St,Boston,MA,02115,SUFFOLK,Convenience Store
GENEVA GROCERY,385 Geneva Ave,Dorchester,MA,02122,SUFFOLK,Convenience Store
GINAS GROCERY,251 Dudley St,Roxbury,MA,02119,SUFFOLK,Grocery Store
Garden Halal Meat Market,96A Blackstone St,Boston,MA,02109,SUFFOLK,Grocery Store
Genesis Variety Store,100 A Hawthorne St,Chelsea,MA,02150,SUFFOLK,Other
Giovanni's Market,624 Columbus Ave,Boston,MA,02118,SUFFOLK,Convenience Store
Glenway Market,90 Glenway St,Dorchester,MA,02121,SUFFOLK,Grocery Store
Global Montello Group Corp. #2777 2777,470 Meridian St,East Boston,MA,02128,SUFFOLK,Convenience Store
Gma Corporation,181 Washington St,Dorchester,MA,02121,SUFFOLK,Convenience Store
Golden Goose Market,1 First Ave,Charlestown,MA,02129,SUFFOLK,Supermarket
Golden Goose Market,179 Commercial St,Boston,MA,02109,SUFFOLK,Other
Greek International Food Market,5204 Washington St,West Roxbury,MA,02132,SUFFOLK,Grocery Store
Green Basket Market,186 Green St,Jamaica Plain,MA,02130,SUFFOLK,Convenience Store
Grove Hall Convenience Market 1,479 Blue Hill Ave,Dorchester,MA,02121,SUFFOLK,Grocery Store
Grove Hall Convenience Market 2,292 Talbot Ave,Dorchester Center,MA,02124,SUFFOLK,Grocery Store
Hancock Street Market,95 Hancock St,Dorchester,MA,02125,SUFFOLK,Grocery Store
Happy Super Mart,122B Seaver St,Dorchester,MA,02121,SUFFOLK,Convenience Store
Happy Supermarket,868 Blue Hill Ave,Dorchester Center,MA,02124,SUFFOLK,Supermarket
Happy Supermarket And Spirits,128 South St,Jamaica Plain,MA,02130,SUFFOLK,Grocery Store
Harbor Point Market,17 Harbor Point Blvd,Dorchester,MA,02125,SUFFOLK,Convenience Store
Harold Convenience,206 Harold St,Dorchester,MA,02121,SUFFOLK,Convenience Store
Harvard Convenience,157 Brighton Ave,Allston,MA,02134,SUFFOLK,Convenience Store
Harvard Street Community Market,55 Harvard St,Dorchester Center,MA,02124,SUFFOLK,Convenience Store
Hebron Market,1522 Tremont St,Mission Hill,MA,02120,SUFFOLK,Grocery Store
Highland Convenience Mart,37A Crest Ave,Winthrop,MA,02152,SUFFOLK,Convenience Store
Hillside Market,82 Hillside St,Roxbury Crossing,MA,02120,SUFFOLK,Convenience Store
Hiron Inc/DBA La Familia Market,64A Blue Hill Ave,Roxbury,MA,02119,SUFFOLK,Convenience Store
DOLLAR TREE 3573,147 Squire Rd,Revere,MA,02151,SUFFOLK,Other
DOLLARTREE 8071,1089 Dorchester Ave,Dorchester,MA,02125,SUFFOLK,Other
DOLLARTREE 9513,1329 Hyde Park Ave,Hyde Park,MA,02136,SUFFOLK,Other
Dacia Market,16 Dacia St,Dorchester,MA,02125,SUFFOLK,Convenience Store
Damas Food Products,339 Dudley St,Roxbury,MA,02119,SUFFOLK,Specialty Store
Delicias Market 2 Corporation N/A,44 Brooks St,East Boston,MA,02128,SUFFOLK,Convenience Store
Delight Corner,32-34 Oxford Street,Boston,MA,02111,SUFFOLK,Grocery Store
Deshi Bazar Supermarket,125 Harvard St,Dorchester Center,MA,02124,SUFFOLK,Grocery Store
Diana Market,1070 Hyde Park Ave,Hyde Park,MA,02136,SUFFOLK,Grocery Store
Djs Market,120 Boston St,Dorchester,MA,02125,SUFFOLK,Convenience Store
Dollar General 19116,121 Webster Ave,Chelsea,MA,02150,SUFFOLK,Other
Dollar General 19117,500 Geneva Ave,Dorchester,MA,02122,SUFFOLK,Other
Dollar General 30635,1248 River St,Hyde Park,MA,02136,SUFFOLK,Other
Dollar Tree 3273,1090 Revere Beach Pkwy,Chelsea,MA,02150,SUFFOLK,Other
Dollar Tree 4119,31 Furlong Dr,Revere,MA,02151,SUFFOLK,Other
Dollar Tree 4577,950 American Legion Hwy,Roslindale,MA,02131,SUFFOLK,Other
Dollar Tree 6103,1230 VFW Pkwy,West Roxbury,MA,02132,SUFFOLK,Other
Dollar Tree 7507,45 Vine St,Charlestown,MA,02129,SUFFOLK,Other
Dollar Tree 7679,1580 Vfw Pkwy,West Roxbury,MA,02132,SUFFOLK,Other
Dollar Tree 7716,1041 Commonwealth Ave,Boston,MA,02215,SUFFOLK,Other
Dollar Tree 7814,26 Talbot Ave,Dorchester Center,MA,02124,SUFFOLK,Other
Don Quijote Market,1639 Washington St,Boston,MA,02118,SUFFOLK,Convenience Store
Dorchester Food Co-op,195 Bowdoin St,Dorchester,MA,02122,SUFFOLK,Grocery Store
Dorchester Gas And Convenience,285 Washington St,Dorchester,MA,02121,SUFFOLK,Convenience Store
Dorchester Market,951 Dorchester Ave,Boston,MA,02125,SUFFOLK,Grocery Store
Dorchester Mart,783 Blue Hill Ave,Dorchester Center,MA,02124,SUFFOLK,Convenience Store
Dream Convenience,109 Franklin St,Allston,MA,02134,SUFFOLK,Grocery Store
Dudley Food Mart,693B Dudley St,Dorchester,MA,02125,SUFFOLK,Convenience Store
Dudley Town Common Farmers Market 53,383 Dudley St,Roxbury,MA,02119,SUFFOLK,Farmers and Markets
Dugout Supermarket,600 Blue Hill Ave,Dorchester,MA,02121,SUFFOLK,Grocery Store
E Market,4 Park Plz,Boston,MA,02116,SUFFOLK,Convenience Store
East Boston Farmers Market,200 Border St,East Boston,MA,02128,SUFFOLK,Farmers and Markets
East Boston Market,290 Meridian St,East Boston,MA,02128,SUFFOLK,Grocery Store
East Boston Variety,3 Gladstone St,Boston,MA,02128,SUFFOLK,Convenience Store
East Coast Variety,67 Bennington St,East Boston,MA,02128,SUFFOLK,Convenience Store
Easties Corner,399 Saratoga St,East Boston,MA,02128,SUFFOLK,Convenience Store
Eddys Market,375A Broadway,Revere,MA,02151,SUFFOLK,Grocery Store
Eduardos Market,302 Norfolk St,Dorchester Center,MA,02124,SUFFOLK,Convenience Store
El Abuelo Grocery Store,12 Essex St,Chelsea,MA,02150,SUFFOLK,Grocery Store
El Barrio Convenience,3119 Washington St,Roxbury,MA,02119,SUFFOLK,Convenience Store
El Condor Market,337 Paris St,East Boston,MA,02128,SUFFOLK,Grocery Store
El Cruce Market,1909 Columbus Ave,Roxbury,MA,02119,SUFFOLK,Convenience Store
El Paisa Market And Butchery,1010 Bennington St,Boston,MA,02128,SUFFOLK,Grocery Store
