"LocationName","Address","City","State","Zip","Description","Website","Phone","lat","lng"
"Brookfield Farm - CSA Pickup","64 Kenton Rd. ","JAMAICA PLAIN","MA","02130","Pick-up Thursdays, starting in June. See website for details. ","www.brookfieldfarm.org","","42.324791","-71.09195"
"Jamaica Plain Farmers Market","677 Centre St.-Bank of America Parking Lot, 677 Centre St.","JAMAICA PLAIN","MA","02130","Dates & Time: Tuesday, 12:00 pm - 5:00 pm, June 17 to November 25; Saturday, Year-Round, Noon - 3:00 pm; WIC & Senior Coupons Accepted; SNAP-EBT Accepted with select vendors.","www.jamaicaplainfarmersmarket.com","","42.332639","-71.050762"
"Jamaica Plain Winter Farmers Market","677 Centre Street","JAMAICA PLAIN","MA","02130","Bank of America Parking Lot; Dates & Time: Saturday, year-round; Noon - 3:00 pm; SNAP-EBT Accepted with select vendors.","www.jamaicaplainfarmersmarket.wordpress.com/","","42.351974","-71.064247"
"Farmer Dave's - CSA Pick-Up","18 Marbury Terrace","Boston","MA","02130","CSA Pick-up Days: Tuesday, Starting in June.","farmerdaves.csaware.com/store/","978-349-1952","42.342331","-71.069623"
"Red Fire Farm - CSA Pick-Up","633 Centre St.","Boston","MA","02130","CSA Pick-up Location: First Baptist Church. CSA Pick-up Days: Thursday, Starting in June.","www.redfirefarm.com/CSA/join.html","413-467-7645","42.33929","-71.050216"
"The Fresh Truck Mobile Market","13 Elm Hill Hill Ave. ","DORCHESTER","MA","02121","Date and Time: Thursday, 9:30 am - 12:00 pm; Check website for updates. ","www.aboutfresh.org/fresh-truck/#schedule","(617) 297-7685","42.289689","-71.10387"
"The Fresh Truck Mobile Market","42 Shandon Rd. ","DORCHESTER","MA","02124","Dates and Time: Tuesday, 3:00 pm - 5:30 pm; Check website for updates. ","www.aboutfresh.org/fresh-truck/#schedule","(617) 297-7685","42.305463","-71.071395"
"The Fresh Truck Mobile Market","3 Quincy Street","ROXBURY","MA","02119","Dates and Time: Saturday, 1:30 pm - 3:30 pm; Check website for updates. ","www.aboutfresh.org/fresh-truck/#schedule","(617) 297-7685","42.295806","-71.06293"
"The Fresh Truck Mobile Market","198 Geneva Ave. ","Boston","MA","02121","Date and Time: Wednesday, 2:30 pm - 4:30 pm; Check website for updates.","www.aboutfresh.org/fresh-truck/#schedule","(617) 297-7685","42.310655","-71.092666"
"Mass Audubon Boston Nature Center Farmstand","500 Walk Hill Street","MATTAPAN","MA","02126","Date and Time; Thursday, 3:30 pm - 6:30 pm; June 6 to September 28. ","","(617) 983-8500","42.352475","-71.135057"
"Revision Urban Farmstand","38 Fabyan Street","DORCHESTER","MA","02124","Community-based urban agriculture project that grows produce in its own fields and provides access to affordable, nutritious and culturally appropriate food to residents of our ReVision Family Home and our extended community. ","","(617) 822-3276","42.362125","-71.113438"
"NUBIA Farmstand","100 Malcolm X BLVD","Boston","MA","02119","Justice Gourdin Park I on Malcolm X Blvd in Nubian Sq. Cross street from the police station. Open Tuesday, 2:00 pm - 5:00 pm, July to October. ","","","42.365176","-71.043036"
"Roxbury/Roxbury Crossing Farmers Market","1420 Tremont St.-Roxbury Crossing MBTA Station","JAMAICA PLAIN","MA","02120","Dates & Time: Year-round; Tuesday and Friday, 11:00 am - 6:00 pm; WIC & Senior Coupons Accepted; EBT-SNAP Accepted.","www.mhhm.org","","42.359509","-71.066367"
"The Fresh Truck Mobile Market","100 Ames Street","DORCHESTER","MA","02121","Dates and Time: Friday, 10:00 am - 12:30 pm; Check website for updates. ","www.aboutfresh.org/fresh-truck/#schedule","(617) 297-7685","42.336091","-71.093084"
"Mission Hill Farmers Market","725 Huntington Ave.","Boston","MA","02115","Hanlon Square: Dates & Time: May 8 to November 19; Thursday, 11:00 am - 6:00 pm; WIC & Senior Coupons Accepted; EBT-SNAP Accepted.","www.mhhm.org","","42.337461","-71.074296"
"Roxbury/Dudley Winter Market","11 Brook Ave.","ROXBURY","MA","02119","Date and Time: November 13 to February 5; Thursday, 2:30 pm - 6:00 pm; EBT-SNAP Accepted. ","www.facebook.com/dudleygrows/","","42.33933","-71.086397"
"Roxbury/Nubian Square Farmers Market","2300 Washington Street","ROXBURY","MA","02119","Roxbury Public Library; Date and Time: Friday, 3:00 pm - 6:00 pm and Saturday, 11:00 am - 3:00 pm; July 11 to October 8; EBT-SNAP Accepted. ","www.nubiansquarefarmersmarket.com","","42.364114","-71.125603"
"The Fresh Truck Mobile Market","Mission Park Apartments, 2 New Whitney St. ","Boston","MA","02115","Dates and Time: Wednesday, 2:30 pm - 5:00 pm; Check website for updates. ","www.aboutfresh.org/fresh-truck/#schedule","(617) 297-7685","42.347505","-71.137796"
"The Fresh Truck Mobile Market","230 Bowdoin Street","DORCHESTER","MA","02122","Dates and Time: Tuesday, 9:30 am - 12:00 pm; Check website for updates. ","www.aboutfresh.org/fresh-truck/#schedule","(617) 297-7685","42.320983","-71.091177"
"The Food Project - CSA Pick-Up","Dudley Town Common (corner of Dudley Street & Blue Hill Ave.)","Boston","MA","02119","CSA Pick-up Days: Thursday, Starting in June.","csa.thefoodproject.org/csa-farm-shares/","617-442-1322","42.325268","-71.086411"
"Roxbury/Dudley Town Common Farmers Market","Blue Hill Ave & Dudley St-Dudley Town Common","Boston","MA","02119","Dates & Time: June 26 to October 30; Thursday, 2:30 pm - 6:00 pm; WIC & Senior Coupons Accepted; EBT-SNAP Accepted. Market moves to Greenhouse at 11 Brook Ave. in October. ","www.facebook.com/dudleygrows/","","42.335292","-71.052714"
"The Fresh Truck Mobile Market","99 Kent Street","Brookline","MA","02445","Dates and Time: Friday, 10:00 am- 12:30 pm; Check website for updates. ","www.aboutfresh.org/fresh-truck/#schedule","(617) 297-7685","42.354681","-71.068258"
"Oasis on Ballou at Ballou","100 Ballou Ave.","DORCHESTER","MA","02121","Open Monday to Saturday, 8:00 am - 3:00 pm.","","(617) 825-4224","42.348423","-71.149876"
"Allandale Farm","259 Allandale Road","Brookline","MA","02445","Have launched online ordering. Orders will be available for pick-up on the farm. To ensure the health and safety of both customers and employees, farm has established a “distance shopping” process, which includes online payments & self-loading of your purchases. 60 acres mixed vegetables grown using organic practices; Outdoor Summer Program for children; farm market, wholesale and CSA.

Product Categories Offered: Vegetables, Flowers
CSA Product Offered: Vegetables, Flowers
Pick-ups: On Farm (CSA)","www.Allandalefarm.com","(617) 524-1531","42.359327","-71.067306"
"Roslindale Farmers Market","Washington Street-Adams Park","ROSLINDALE","MA","02131","Dates & Times: June 6 to November 21; Saturday, 9:00 am - 1:30 pm; WIC & Senior Coupons Accepted; EBT-SNAP Accepted.

","www.roslindale.net","","42.359313","-71.114609"
"Roslindale Winter Farmers Market","10 Birch Street","ROSLINDALE","MA","02131","Dates & Times: January 3 to March 28; Sunday, 10:00 am - 1:00 pm; EBT-SNAP Accepted","www.roslindale.net","","42.354257","-71.130107"
"Sweeties","48 Corinth Street","ROSLINDALE","MA","02131","","www.sweeties-social.com","(617) 858-1333","42.34168","-71.04426"
"Urban Farming Institute of Boston Inc./Fowler Clark Epstein Farmstand","487 Norfolk St.","MATTAPAN","MA","02126","Open Friday, 1:00 pm - 5:00 pm, July 1 to November 18.","urbanfarminginstitute.org","(617) 514-0540","42.381556","-71.040912"
"The Fresh Truck Mobile Market","18 Trotter Ct. ","Boston","MA","02118","Dates and Time: Friday, 2:30 pm - 4:30 pm; Check website for updates. ","www.aboutfresh.org/fresh-truck/#schedule","(617) 297-7685","42.341947","-71.091233"
"Dorchester Winter Farmers Market","6 Norfolk Street","DORCHESTER","MA","02124","The Great Hall; Dates & Times: January 24 to March 14; Saturday, 11:00 am - 2:00 pm; EBT-SNAP Accepted with Select Vendors Only.","www.dorchesterwinterfarmersmarket.org","","42.353218","-71.131958"
"Dorchester/Codman Square Farmers Market","20 Wainwright Street","DORCHESTER","MA","02124","Dr. Loesch Family Park; Dates & Time: July 12 to October 18; Saturday, 11:00 am - 2:00 pm; WIC & Senior Coupons Accepted; EBT-SNAP Accepted.","www.codmansquarefarmersmarket.org","","42.311857","-71.0914"
"Dorchester/Dot House Health Farmers Market","1353 Dorchester Ave-Dorchester House, Outdoor space next to Kelly House","DORCHESTER","MA","02122","Dates & Time: July 21 to October 13; Tuesday, 11:30 am - 1:30 pm; WIC & Senior Coupons Accepted; EBT-SNAP Accepted.","www.dorchesterhouse.org/services/farmers_market.html","","42.375528","-71.041205"
"The Fresh Truck Mobile Market","1565 Dorchester Ave. ","DORCHESTER","MA","02122","Dates and Time: Saturday, 9:30 am - 12:00 pm; Check website for updates. ","www.aboutfresh.org/fresh-truck/#schedule","(617) 297-7685","42.361722","-71.063018"
"Dorchester/Fields Corner Farmers Market","Dorchester Ave & Park St-Shopping Center Parking Lot","DORCHESTER","MA","02122","Dates & Time: July 19 to October 25; Saturday, 9:00 am - 11:00 am; WIC & Senior Coupons Accepted; EBT-SNAP Accepted with select vendors.","","","42.348116","-71.05897"
"The Fresh Truck Mobile Market","7 Kimball Street","Boston","MA","02122","Dates and Time: Wednesday, 9:30 am - 12:30 pm; Check website for updates. ","www.aboutfresh.org/fresh-truck/#schedule","","42.322434","-71.083861"
"Oasis on Ballou at Washington St.","857 Washington St.","DORCHESTER","MA","02121","Wednesdays 12:30 pm - 3:00 pm at 857 Washington St. 

OASIS on Ballou represents a unique opportunity to create a special place at 100 Ballou Avenue in the Woodrow-Mountain Neighborhood that supports a culture of opportunity, affirmation, sustainability, inspiration, and success...a place we can all be proud of and reflects the pride in our neighborhood.","","(617) 825-4224","42.288872","-71.097196"
"Brookline Farmers Market","Beacon Street & Centre Street-Coolidge Corner, Center Street West Parking Lot","Brookline","MA","02446","Dates & Times: June 5 to November 20; Thursday, 1:30 pm - 6:30 pm; WIC & Senior Coupons Accepted; EBT-SNAP Accepted.

","www.brooklinefarmersmarket.com","","42.282195","-71.094926"
"Boston/Worcester Street Farmers Market","725 Tremont Street","Boston","MA","02118","Park behind Tremont Street; Dates and Time: Every other Saturday, May 3 to November 1; Saturday, 10:00 am - 3:00 pm.","www.facebook.com/people/Worcester-Street-Farm-and-Flea/61575140669313/#","","42.292938","-71.088761"
"Dorchester/Ashmont Farmers Market","1900 Dorchester Ave.","DORCHESTER","MA","02124","Droser Plaza; Dates & Time: July 11 to October 31; Friday, 2:00 pm - 6:00 pm; WIC & Senior Coupons Accepted; EBT-SNAP Accepted.","www.greaterashmont.org/farmers-market","","42.349153","-71.04179"
"The Fresh Truck Mobile Market","15 San Juan Street","Boston","MA","02118","Date and Time: Friday, 2:30 pm - 5:00 pm; Check website for updates.","www.aboutfresh.org/fresh-truck/#schedule","(617) 297-7685","42.290333","-71.093847"
"The Fresh Truck Mobile Market","Beechland Circle","ROSLINDALE","MA","02131","Dates and Time: Tuesday, 3:00 pm - 5:30 pm; Check website for updates. ","www.aboutfresh.org/fresh-truck/#schedule","(617) 297-7685","42.325057","-71.07875"
"The Fresh Truck Mobile Market","Sterling Square","Boston","MA","02127","Dates and Time: Thursday, 9:30 am - 12:00 pm; Check website for updates. ","www.aboutfresh.org/fresh-truck/#schedule","(617) 297-7685","42.34997","-71.040751"
"Mattapan Farmers Market","882 Cummins Highway","MATTAPAN","MA","02126","Dates & Times: July 11 to October 31; Saturday, 10:00 am - 1:00 pm; WIC & Senior Coupons Accepted; EBT-SNAP Accepted.","www.mattapanfoodandfit.org/","","42.362079","-71.059128"
"Round Table Urban Garden","7 Sterling Square","Boston","MA","02127","Open daily, May to October, 10:00 am - 1:00 pm. ","","(617) 777-2585 ","42.327382","-71.077026"
"Charlesgate Farmers Market","Commonwealth Ave between Charlesgate East and Charlesgate West","Boston","MA","02215","Dates and Time: Sunday, 10:00 am - 2:00 pm, June 22 to October 12. EBT-SNAP Accepted with Select Vendors Only. ","www.muddywaterinitiative.org/charlesgatefarmersmarket","","42.278289","-71.099183"
"Siena Farms South End","106 Waltham Street","Boston","MA","02118","Open daily, 11:00 am - 7:00 pm.
","www.sienafarms.com/farmstore.php","(617) 422-0030","42.360739","-71.071887"
"Siena Farms Farm Store","106 Waltham Street","Boston","MA","02101","Family farm which cultivates 75 acres of protected farmland in Sudbury & Sterling, MA. Over 100 varieties of vegetables grown for year-round CSA, their farm stores, and select restaurants/chefs.
Coupons accepted daily 11 am - 7 pm at Farm Store in Boston's South End.
 ","sienafarms.com/","978-261-5365","42.36772","-71.11334"
"Boston/SoWa Farmers Market","500 Harrison Ave.","Boston","MA","02118","Dates & Time: May 4 to to October 26; Sunday, 11:00 am - 5:00 pm; WIC & Senior coupons accepted.","www.sowaboston.com/sowa-open-market/","(508) 981-3594","42.346217","-71.056632"
"Boston/Copley Square Farmers Market","Copley Square Park, along Dartmouth Street","Boston","MA","02116","Dates & Time: May 15 to November 24; Tuesday and Friday, 11:00 am to 6:00 pm; WIC & Senior Coupons Accepted; EBT-SNAP Accepted.
 
","www.massfarmersmarkets.org","","42.370337","-71.129597"
"Red Fire Farm - CSA Pick-Up","227-230 Dartmouth Street","Boston","MA","02116","CSA Pick-up Location: Copley Square Farmers Market. CSA Pick-up Days: Friday, Starting in June.","www.redfirefarm.com/CSA/join.html","","42.348349","-71.050737"
"The Fresh Truck Mobile Market","7 Joyce Hayes Way","Boston","MA","02127","Wednesday, 9:30 am - 12:30 pm; Check website for updates. ","www.aboutfresh.org/fresh-truck/#schedule","(617) 297-7685","42.340578","-71.078895"
"Milton Farmers Market","Wharf Street and Adams Street-Town Park","Milton","MA","02186","Dates & Time: June 19 to October 9; Thursday, 1:00 pm - 6:00 pm; WIC & Senior Coupons Accepted.","www.facebook.com/miltonmassfarmersmarket/","","42.336259","-71.08602"
"The Food Project - CSA Pick-Up","92 Henry Street","Cambridge","MA","02139","CSA Pick-up Days: Tuesday, Starting in June.","csa.thefoodproject.org/csa-farm-shares/","617-442-1322","42.349162","-71.140848"
"Cambridgeport Farmers Market","Magazine Street & Memorial Drive-Morse School Parking lot","Cambridge","MA","02139","Dates & Time: May 31 to November 22; Saturday, 10:00 am - 2:00 pm; WIC & Senior Coupons Accepted; SNAP-EBT Accepted with select vendors. No market 10/19/2025.

","www.charlesriverfarmersmarket.com","","42.313758","-71.093319"
"The Farmacy at Harbor Health","10 Minot Street","DORCHESTER","MA","02122","Dates and Time: Friday, July 8, 15, 22, and 29, 2022; 10:30 am - 1:30 pm. ","www.hhsi.us/Farmacy","","42.361866","-71.064298"
"Dick's Market Garden: Minot Street Farmstand","10 Minot Street","DORCHESTER","MA","02122","2023 Dates: 6/16, 6/30, 7/14, 7/28, 8/11, 8/25, 9/8, 9/22, 10/6, 11/17; Friday, 10:30 - 1:30 pm. ","www.dicksmarketgardens.com/","","42.322144","-71.079843"
"The Fresh Truck Mobile Market","10 Minot Street","DORCHESTER","MA","02122","Dates & Times: Tuesday, 9:30 am -12:00 pm; Check website for updates. ","www.aboutfresh.org/fresh-truck/#schedule","(617) 297-7685","42.354679","-71.050792"
"The Original Boston Frosty","Corner of Boylston Street/Arlington Street","Boston","MA","02101","","www.bostonfrosty.net/","(781) 826-1151","42.341817","-71.14644"
"South Boston Farmers Market","446 West Broadway-West Broadway Municipal Front Parking Lot","Boston","MA","02127","Dates & Time: June 2 to November 17; Monday, 12:00 am - 5:00 pm; WIC & Senior Coupons Accepted; EBT-SNAP Accepted.","www.sbndc.org/south-boston-farmers-market","","42.355685","-71.130254"
"The Fresh Truck Mobile Market","1137 River Street","HYDE PARK","MA","02136","Dates and Time: Thursday, 2:00 pm - 4:30 pm; Check website for updates.  ","www.aboutfresh.org/fresh-truck/#schedule","(617) 297-7685","42.353324","-71.06874"
"World Peas CSA Pick-Up","150 Harrison Ave. ","Boston","MA","02101","CSA Pick-up Location: Tufts Friedman School. CSA Pick-up Days: Tuesday, Starting in June.","www.nesfp.org/NewEntryCSA","(978) 349-2080","42.36755","-71.129092"
"South Boston Hunnies","524 E. 8th st.","Boston","MA","02127","Honey hive and garden tours by appointment.","instagram.com/SouthBostonHunnies","","42.32198","-71.087514"
"Brighton Farmers Market","Brighton Common, 30 Chestnut Hill Ave.","BRIGHTON","MA","02135","Dates & Time: June 10 to October 28; Wednesday, 2:00 pm - 6:30 pm; Market closes at 6pm in October; WIC & Senior Coupons Accepted; EBT-SNAP Accepted.


","www.facebook.com/oaksquarefarmersmarket","","42.37294","-71.034318"
"Ron's Gourmet Ice Cream","1231 Hyde Park Ave","HYDE PARK","MA","02136","","www.ronsicecream.com","(978) 364-5274","42.310012","-71.080036"
"New City Microcreamery","534a Boston Post Rd","Cambridge","MA","02138","All of our bases and mix-ins are made in-house with a secret blend of sugars and stabilizers, steeped with real ingredients for 18-24 hours using a modified gelato process. Then slowly incorporate liquid nitrogen to freeze the base at -300°F, creating exceptionally small ice crystals for an extraordinarily smooth, silky mouthfeel. After hardening overnight in our deep freezes, our ice cream transitions from a soft-serve consistency to the classic, chewy texture New England is known for.","www.newcitymicrocreamery.com","(617) 945-0279","42.313773","-71.090796"
"Cambridge/Central Square Farmers Market","Norfolk St & Bishop Allen Dr-Parking lot # 5","Cambridge","MA","02139","Dates & Time: May 18 to November 23; Monday, Noon - 6:00 pm; WIC & Senior Coupons Accepted; EBT-SNAP Accepted.","www.massfarmersmarkets.org","","42.354204","-71.12923"
"Cambridge/Kendall Square Canal District Farmers Market","350 Kendall Street","Cambridge","MA","02142","Dates & Time: May 7 to October 29; Thursday, 12:00 pm - 6:00 pm; WIC & Senior Coupons Accepted; EBT-SNAP Accepted.","www.massfarmersmarkets.org","","42.356396","-71.114435"
"Boston Children's Museum Milk Bottle","308 Congress Street","Boston","MA","02101","","www.bostonchildrensmuseum.org","(617) 426-6500","42.36756","-71.115781"
"Red Fire Farm - CSA Pick-Up","765 Massachusetts Ave. ","Cambridge","MA","02139","CSA Pick-up Location: Life Alive Cafe. CSA Pick-up Days: Friday, Starting in June.","www.redfirefarm.com/CSA/join.html","","42.309812","-71.074614"
"Red Fire Farm - CSA Pick-Up","181 Devonshire Street","Boston","MA","02110","CSA Pick-up Location: Boston Wine Exchange. CSA Pick-up Days: Thursday, Starting in June.","www.redfirefarm.com/CSA/join.html","","42.36948","-71.050373"
"Mahoney's Garden Center","449 Western Avenue","BRIGHTON","MA","02135","Family-run home and garden center with eight retail locations in Winchester, Tewksbury, Concord, Brighton, Falmouth, Osterville and Chelmsford, and a growing facility in Woburn. Full-service garden center dedicated to providing the highest quality and largest selection of garden plants, gardening products, and gardening services. ","mahoneysgarden.com","(617) 787-8885","42.325326","-71.084287"
"Boston Honey Company ","100 Hanover street    ","Boston","MA","02101","Retail store within the Boston Public Market. Honey sampling, year round. Honeybee observation Hive. Pure Beeswax Candles and skin care products all made with our own sustainable harvested Beeswax. Open Wednesday to Sunday 8am to 8pm. Validated parking ($1to$3) with purchase.
","www.bostonhoneycompany.com","(508) 429-6872","42.339293","-71.075951"
"Boston Public Market","100 Hanover Street -Indoors, on the ground floor above the Haymarket MBTA Station","Boston","MA","02108","Dates & Time: Year-Round; Monday & Tuesday, 8:00 am - 6:00 pm; Wednesday to Saturday, 8:00 am - 8:00 pm; Sunday, 9:00 am - 6:00pm; EBT-SNAP Accepted. Memorial Day to Labor Day, 8:00 am - 8:00 pm, seven days a week","www.bostonpublicmarket.org","","42.299079","-71.058494"
"Boston Public Market ","100 Hanover Street-Indoors, on the ground floor above the Haymarket MBTA Station","Boston","MA","02109","Dates & Time: Year-Round; Monday & Tuesday, 8:00 am - 6:00 pm; Wednesday to Saturday, 8:00 am - 8:00 pm; Sunday, 9:00 am - 6:00 pm; EBT-SNAP Accepted.
","www.bostonpublicmarket.org","","42.29203","-71.088297"
"Fish & Farm Farmers Market","211 Northern Ave. ","Boston","MA","02210","Fish Pier; Dates and Time: June 6 to October 31, Saturday, 9:00 am - 1:00 pm; WIC & Senior Coupons Accepted; EBT-SNAP Accepted. ","www.massfarmersmarkets.org/fishandfarmmarket","","42.28196","-71.084854"
"First Street Market","59 First Street","Cambridge","MA","02141","Dates and Time: Thursday and Friday, 12:00 pm - 6:00 pm, Saturday, 11:00 am - 4:00 pm; May 16 to December 20.","www.firststreetmkt.com","","42.344137","-71.049467"
"First Street Market","59 First Street","Cambridge","MA","02141","Dates and Time: Thursday and Friday, 12:00 pm - 6:00 pm, Saturday, 11:00 am - 4:00 pm; January 16 to April 11","www.firststreetmkt.com","","42.327934","-71.074626"
"Brighton Winter Farmers Market","640 Washington St.","BRIGHTON","MA","02135","Presentation School Foundation Community Center; Dates and Time: January 25 to May 3; No market 4/5; Every other Sunday, 1:30 pm - 4:30 pm. EBT-SNAP Accepted.","www.psf-inc.org/winterfarmersmarket/","","42.356515","-71.072381"
"Red Fire Farm - CSA Pick-Up","640 Washington St.","BRIGHTON","MA","02135","CSA Pick-up Location: PSF Community Center. CSA Pick-up Days: Thursday, Starting in June.","www.redfirefarm.com/CSA/join.html","413-467-7645","42.341543","-71.139516"
"Red Fire Farm - CSA Pick-Up","1310 Cambridge Street","Cambridge","MA","02139","CSA Pick-up Location: East Cambridge Savings Bank. CSA Pick-up Day: Wednesday, Starting in June.","www.redfirefarm.com/CSA/join.html","","42.349288","-71.048577"
"Cambridge Winter/Charles River Farmers Market","1 Bennett St-Charles Hotel Courtyard at Harvard Square","Cambridge","MA","02138","Dates & Times: Year-Round; Friday, Noon to 6:00 pm and Sunday, 10:00 am - 3:00 pm; EBT-SNAP Accepted with select vendors only. Closed Easter Sunday.","www.charlesriverfarmersmarket.com","","42.369316","-71.067298"
"Cambridge/Charles River Farmers Market","1 Bennett St-Charles Hotel Courtyard at Harvard Square","Cambridge","MA","02138","Dates & Time: June to November; Friday, Noon to 6:00 pm and Sunday, 10:00 am - 3:00 pm;  EBT-SNAP Accepted with select vendors only. 

","www.charlesriverfarmersmarket.com/","","42.29287","-71.076841"
"Farmer Dave's - CSA Pick-Up","1493 Cambridge St.","Cambridge","MA","02139","CSA Pick-up Days: Tuesday, Starting in June.","farmerdaves.csaware.com/store/","978-349-1952","42.330076","-71.075168"
"Cambridge/Farmers Market at Harvard","1 Oxford Street","Cambridge","MA","02138","Science Center Plaza: Dates & Times: June 17 to October 28; Tuesday, 11:30 am - 5:30 pm; WIC & Senior Coupons Accepted; EBT-SNAP Accepted. ","www.dining.harvard.edu/farmers-market","","42.346724","-71.06171"
"Emack and Bolio’s ","100 City Square","CHARLESTOWN","MA","02129","","www.emackandbolios.com","(617) 232-2753","42.34344","-71.060453"
"We Grow Microgreens","21 Norton Street                                                                     ","HYDE PARK","MA","02136","Microgreens, edible flowers, seedlings, unique tropicals and leafy greens. Times can change. Check website or social media for updates, email: wegrowmicrogreens@gmail.com or call for appointment. 
","www.wegrowmicrogreens.com/","(617) 792-5424","42.352256","-71.054906"
"Farmer Dave's - CSA Pick-Up","164 Bellevue Rd.","QUINCY","MA","02171","CSA Pick-up Days: Friday, Starting in June.","farmerdaves.csaware.com/store/","978-349-1952","42.335395","-71.087716"
"Gracie's Ice Cream","22 Union Square","Somerville","MA","02143","","www.icecreamgracies.com","(617) 764-5294","42.281416","-71.090566"
"Somerville/Union Square Farmers Market","Union Square Plaza","Somerville","MA","02143","Dates & Times: May 9 to October 31; Saturday, 9:00 am - 1:00 pm; WIC & Senior Coupons Accepted; EBT-SNAP Accepted.

","www.unionsquaremain.org","","42.282644","-71.08542"
"Quincy Farmers Market","1 Linden Street","QUINCY","MA","02171","Date and Time: June 22 to October 26; Sunday, 12:30 pm - 4:00 pm. EBT-SNAP accepted with select vendors only. ","www.quincyfarmersmarket.com","","42.308986","-71.082177"
"Charlestown Farmers Market","Main St & Austin St-Thompson Square","CHARLESTOWN","MA","02129","Dates & Time: June 18 to October 29; Wednesday, 1:00 pm - 6:00 pm; WIC & Senior Coupons Accepted; EBT-SNAP Accepted.","","","42.361722","-71.072135"
"Newton Community Farm","303 Nahanton Street","Newton","MA","02456","Newton Community Farm is an organic practicing community farm that grows vegetables and herbs. Approximately 40% of the produce is distributed through sales at the on-site farm stand and local farmers' market and donations to local food pantries. The farm also has an 80 share CSA Program.

Open Thursday - Friday 1:30 pm to 6:00 pm and Saturday from 9:30 am to 1:00 pm.","www.newtoncommunityfarm.org","","42.332118","-71.091351"
"The Food Project - CSA Pick-Up","35 School St.","Somerville","MA","02143","CSA Pick-up Days: Tuesday, Starting in June.","csa.thefoodproject.org/csa-farm-shares/","617-442-1322","42.358017","-71.133615"
"Red Fire Farm - CSA Pick-Up","22 Vinal Ave.","Somerville","MA","02143","CSA Pick-up Location: Field and Vine, CSA Pick-up Days: Wednesday, Starting in June.","www.redfirefarm.com/CSA/join.html","413-467-7645","42.3461","-71.142436"
"Celebrity Pizza & Dairy Bar","684 Mt Auburn Street","Watertown","MA","02471","","www.celebritypizzainc.com","(617) 924-0009","42.344971","-71.046966"
"Honeycomb Creamery","1702 Massachusetts Ave","Cambridge","MA","02138","","www.honeycombcreamery.com","(617) 714-3983","42.331056","-71.042858"
"Eastie Farm","294 Sumner St","Boston","MA","02101","CSA location #1: 6 Chelsea Terrace, Boston
Pickup times: 
Wednesdays 4-7 pm
Thursdays 9 am-12 pm
Fridays1-4:30 pm

CSA location #2: 294 Sumner Street, Boston, 9am-12 pm
","eastiefarm.com","(617) 419-0787","42.292135","-71.101928"
"The Fresh Truck Mobile Market","38 O Reilly Way","CHARLESTOWN","MA","02129","Dates and Time: Thursday, 2:00 pm - 4:30 pm; Check website for updates.","www.aboutfresh.org/fresh-truck/#schedule","(617) 297-7685","42.296789","-71.060406"
"Farmer Dave's - CSA Pick-Up","120 Liverpool St.","Boston","MA","02128","CSA Pick-up Days: Thursday, Starting in June.","farmerdaves.csaware.com/store/","978-349-1952","42.334009","-71.053565"
"East Boston Farmers Market","Central Square Park, Meridian Street","Boston","MA","02128","Dates & Time: July 8 to October 28; Wednesday, 3:00 pm - 6:30 pm; WIC & Senior Coupons Accepted; EBT-SNAP Accepted. Market closes at 6:00 pm in October. 

","www.neighborhealth.com/en/events/summer-farmers-market","","42.336352","-71.089928"
"Somerville Mobile Market","115 Broadway","Somerville","MA","02143","Dates & Time: July 10 to November 1; Friday, 2:30 pm - 4:30 pm.
","www.somervillemobilefarmersmarket.wordpress.com/","() -","42.283608","-71.098978"
"Red Fire Farm - CSA Pick-Up","191 Highland Ave. # 1 A","Somerville","MA","02143","CSA Pick-up Location: Arts at the Armory. CSA Pick-up Days: Thursday, Starting in June.","www.redfirefarm.com/CSA/join.html","413-467-7645","42.351946","-71.060428"
"Dedham Farmers Market","670 High Street","Dedham","MA","02026","Dates & Time: June 17 to October 14; Wednesday, 2:00 pm - 6:00 pm; WIC & Senior Coupons Accepted; EBT-SNAP Accepted.","www.dedhamfarmersmarket.org","","42.274382","-71.097329"
"Dedham Spring Farmers Market","670 High Street","Dedham","MA","02026","First Church of Dedham; Dates and Time: Saturday, 10:00 am - 1:00 pm, April 11 to June 6. ","www.dedhamfarmersmarket.org","","42.304242","-71.072961"
"Dedham Winter Artisan Farmers Market","670 High Street","Dedham","MA","02026","Date and Time: Saturday, 10:00 am - 1:00 pm; 11/15, 12/13, 1/24, 2/21, 3/21; EBT-SNAP Accepted.","www.dedhamsquarecircle.org/become-a-vendor-artisan","","42.362434","-71.124346"
"Somerville Winter Farmers Market","191 Highland Ave.","Somerville","MA","02143","Dates & Times: Center for the Arts at the Armory, November 1 to April 11, Saturday, 9:30 am - 1:30 pm; EBT-SNAP Accepted. No market 11/29, 12/27.

","www.somwintermarket.org","","42.352337","-71.049999"
"Red Fire Farm - CSA Pick-Up","111 Mt. Auburn Street","Watertown","MA","02472","CSA Pick-up Location: Redeemer Fellowship Church. CSA Pick-up Days: Thursday, Starting in June.","www.redfirefarm.com/CSA/join.html","413-467-7645","42.302412","-71.061508"
"Eastie Farm","6 Chelsea Terrace","Boston","MA","02108","CSA location #1: 6 Chelsea Terrace, Boston, MA 02128
Pickup times: 
Wednesdays 4-7 pm
Thursdays 9 am-12 pm
Fridays1-4:30 pm

CSA location #2: 294 Sumner Street, Boston, 9am-12 pm
","eastiefarm.com/","(617) 419-0787","42.352851","-71.065004"
"Farmer Dave's - CSA Pick-Up","16 Garfield Ave.","Somerville","MA","02145","CSA Pick-up Days: Wednesday, Starting in June.","farmerdaves.csaware.com/store/","978-349-1952","42.356265","-71.05092"
"Brookfield Farm - CSA Pick-Up","175 Richdale Ave.","Cambridge","MA","02140","CSA Pick-up Days: Thursday, Starting in June. ","www.brookfieldfarm.org/csa/","413-253-7991","42.368078","-71.064698"
"Red Fire Farm - CSA Pick-Up","328 Broadway","Somerville","MA","02145","CSA Pick-up Location: Winter Hill Brewing. CSA Pick-up Days: Wednesday, Starting in June.","www.redfirefarm.com/CSA/join.html","","42.335339","-71.086926"
"Newton Farmers Market","1189 Beacon Street","Newton","MA","02468","Cold Spring Park; Dates & Times: June 17 to October 28; Tuesday, 1:30 pm - 6:00 pm; WIC & Senior Coupons Accepted; EBT-SNAP Accepted.","www.newtonma.gov/government/parks-recreation-culture/recreation-programs/farmers-market","","42.348583","-71.051072"
"Andrew Thomas & Sons","1237 Randolph Avenue","Milton","MA","02186","Full Service Nursery and Garden Center.","www.athomasandsons.com/","(617) 698-3348","42.35679","-71.055085"
"Brookfield Farm - CSA Pick-Up","20 Park Place","Newton","MA","02460","CSA Pick-up Days: Thursday, Starting in June. ","www.brookfieldfarm.org/csa/","413-253-7991","42.339292","-71.074476"
"The Thayer Nursery Corp.","270 Hillside Street","Milton","MA","02186","6 acre family owned full service garden center. Stroll our fields where you will find a fantastic display of locally grown plant material, including annuals, perennials, shrubs and trees. Offer a complete selection of organic products including mulches, composts, and soil amendments that promote sustainable land care practices.","www.thayernursery.com","(617) 698-2005","42.309128","-71.077704"
"Somerville/Assembly Row Farmers Market","355 Assembly Row","Somerville","MA","02143","Between Shake Shack and Café Nerro; Dates and Time: Friday, 3:00 pm - 7:00 pm, June 12 to October 9; EBT-SNAP Accepted. No market 7/3. ","www.assemblyrow.com/event/farmers-market/","","42.356048","-71.142966"
"Cabot's Ice Cream and Restaurant","743 Washington Street","Newton","MA","02456","","www.cabots.com","(617) 964-9200","42.327336","-71.078253"
"World Peas CSA Pick-Up","Pemberton Farms Marketplace, 2235 Massachusetts Ave.","Cambridge","MA","02140","CSA Pick-Up Location: 2235 Massachusetts Ave. ","www.nesfp.org/NewEntryCSA","","42.316451","-71.093826"
"Watertown Farmers Market","Saltonstall Park next to Town Hall, 149 Main Street","Watertown","MA","02472","Dates & Times: June 11 to October 22; Wednesday, 2:30 pm - 6:30 pm; Market closes as 6:00 pm in October; WIC & Senior Coupons Accepted; EBT-SNAP Accepted.","www.watertownmarket.com","","42.355849","-71.116568"
"Little Luke's Cafe","1225 Chestnut Street ","Newton","MA","02456","","www.littlelukescafe.com","(617) 244-3424","42.358393","-71.116489"
"Newtonville","352 Lowell Ave. ","Newton","MA","02460","Dates & Time: June 21 to October 25; Saturday, 9:30 am - 12:30 pm; WIC & Senior Coupons Accepted; EBT-SNAP Accepted.","www.newtonma.gov/government/parks-recreation-culture/recreation-programs/farmers-market","","42.326458","-71.080799"
"Somerville/Davis Square Farmers Market","Day & Herbert St-Davis Square","Somerville","MA","02144","Dates & Time: May 20 to November 25; Wednesday, Noon - 6:00 pm; WIC & Senior Coupons Accepted; EBT-SNAP Accepted.

","www.massfarmersmarkets.org","","42.370165","-71.031613"
"Somerville Mobile Market","25 Memorial Road","Somerville","MA","02145","Mystic Housing: Dates & Time: July 10 to November 1; Saturday, 10:00 am - 12:00 pm.
","www.somervillemobilefarmersmarket.wordpress.com/","() -","42.280523","-71.093812"
"Red Fire Farm - CSA Pick-Up","297 Lowell Ave.","Newton","MA","02460","CSA Pick-up Location: St. John's Episcopal Church. CSA Pick-up Days: Thursday, Starting in June.","www.redfirefarm.com/CSA/join.html","413-467-7645","42.337523","-71.058648"
"Belmont Acres Farm","34 Glenn Road","Belmont","MA","02478","5-acre, family-run farm. Committed to growing the freshest and most diverse produce with sustainable methods, emphasizing disease resistant cultivars and a critical application of organic methods. ","www.belmontacresfarm.com/","(781) 507-6602","42.277071","-71.084749"
"Somerville Mobile Market","167 Holland Street","Somerville","MA","02143","Dates & Time: July 10 to November 1; Friday, 10:30 am-12:30 pm.","www.somervillemobilefarmersmarket.wordpress.com/","() -","42.274265","-71.092069"
"Farmer Tim's Vegetables","130 Concord Ave.","Belmont","MA","02478","Saturday & Sunday 2:00 pm - 7:00 pm 
Farmer Tim's currently has about 6.5 acres in mixed vegetable production.","www.farmertims.com/csa","(857) 334-3121","42.354971","-71.144926"
"Quincy Kilroy Square Farmers Market","25 Cottage Ave. ","QUINCY","MA","02169","Dates & Time: Mid June to October 30; Kilroy Square, Friday, 12:00 pm - 4:00 pm; EBT-SNAP accepted with select vendors only. 
 ","","","42.361485","-71.071287"
"Somerville Mobile Market","1372 Broadway","Somerville","MA","02144","Dates & Time: July 10 to November 1; Thursday, 4:00 pm - 6:00 pm.
","somervillemobilefarmersmarket.wordpress.com/","() -","42.345602","-71.072712"
"Brookwood Community Farm","11 Blue Hill River Road","Canton","MA","02021","Farm uses organic methods on 5 acres of revitalized farm land, providing on-farm educational and community-building opportunities, and actively supporting food access projects. Check website for hours. Coupons are accepted Tuesdays & Thursdays 2 pm - 6:30 pm and Saturdays 9 am - 1 pm.  


","www.brookwoodcommunityfarm.org","(857) 345-5528","42.363634","-71.030388"
"Medford Winter Farmers Market","142 Mystic Ave. ","Medford","MA","02155","The Great American Beer Hall; Dates and Time: Tuesday, 3:00 pm - 7:00 pm; January 13 to April 14, No market 3/17; EBT-SNAP Accepted. ","www.medfordfarmersmarket.org","","42.344637","-71.040395"
"Belmont Farmers Market","Cross St. & Channing Rd.-Belmont Center Municipal Parking Lot","Belmont","MA","02478","Dates & Times: June 4 to October 29; Thursday, 2:00 pm - 6:30 pm, Closes at 6:00 pm in October; WIC & Senior Coupons Accepted; EBT-SNAP Accepted. 

","www.belmontfarmersmarket.org","","42.329284","-71.092601"
"Needham Farmers' Market","1471 Highland Ave.","Needham","MA","02492","Town Common; Dates & Time: June 16 to October 27; Sunday, 11:00 am - 3:00 pm; WIC & Senior Coupons Accepted; EBT-SNAP accepted.","www.needhamfarmersmarket.org","","42.352863","-71.137932"
"Gore Place","52 Gore Street","Waltham","MA","02453","It has 45 acres of gardens, lawns, fields and farmland with a small farm site with historic breeds of sheep and poultry. Visitors can view the animals and tour the mansion. Annual Sheepshearing Festival in April.","www.Goreplace.org","(781) 894-2798","42.323195","-71.088594"
"Brookfield Farm - CSA Pick-Up","107 Grafton St.","Arlington","MA","02474","CSA Pick-up Days: Thursday, Starting in June. ","www.brookfieldfarm.org/csa/","413-253-7991","42.286838","-71.097476"
"Capen Street Farm","75 Capen St.","Medford","MA","02153","Operate a diversified vegetable farm but everything grown is for the neighbors in Medford Hillside and West Somerville. Seek to enliven the neighborhood through fresh, nutrient-dense produce, festive weekly pickups, summer jobs for local teens and community-wide composting -- and chronicle all of this real-time on the website. 
","ploughandstarsproject.com","(617) 852-4109","42.284588","-71.100163"
"Harlequin Stables","215 High Street","Westwood","MA","02090","Harlequin offers beginner to advanced riding lessons, balance seat, Hunter/Jumper, Dressage and summer camp.","www.horses.harlequinstables.com","(781) 407-0373","42.377146","-71.030844"
"Everett Community Growers","548 Broadway ","Everett","MA","02149","Everett Community Growers (ECG) is a program of the Everett Community Health Partnership (ECHP), working to improve health outcomes and increase civic engagement among Everett residents through urban agriculture and other food justice initiatives.
Saturday 9 am- 12 pm, Wednesday Farm Pick-ups 3 pm- 6 pm.
FMNP Coupons accepted 2nd Wednesday of the month 4:30 pm - 6:30 pm.
Accept: P-EBT, SNAP/ HIP, Card, and Cash
","everettcommunitygrowers.org/","","42.353182","-71.065478"
"Winthrop Farmers Market","Ingleside Park ","Winthrop","MA","02152","Dates & Time: June 22 to September 14; Sunday, 9:00 am - 1:00 pm. No market 8/31.","www.winthropfarmersmarket.com","","42.356177","-71.064696"
"Colleen's Ice Cream and Sandwich Shop","61 High Street","Medford","MA","02153","","www.colleensmedford.com","(781) 395-8100","42.353933","-71.067155"
"World Peas CSA Pick-Up","Condon Shell","Medford","MA","02153","CSA Pick-up Location: Condon Shell, Mystic Valley Parkway. ","www.nesfp.org/NewEntryCSA","","42.360243","-71.128626"
"Volante Farms","292 Forest Street","Needham","MA","02492","Homegrown USDA certified organic produce, garden center/nursery, annuals, perennials, shrubs, full-service deli, farm kitchen, prepared foods, lunch specials, pastry kitchen, bakery, cafe, local coffee, year-round ice cream stand with local ice cream. Offer many free events - tasting events, wine and beer tastings, free food festivals, free concerts in the summer, walking farm tours.","www.Volantefarms.com","(781) 444-2351","42.367275","-71.113703"
"Pakeen Farm","109 Elm St.","Canton","MA","02021","Multi-farm vegetable and fruit CSA. In fall, pumpkins, cider, apples and doughnuts, and in the winter, offer choose & cut Christmas trees, freshly cut Christmas trees and holiday decorations.

CSA Products offered: Vegetables
Pickup(s): On Farm ","www.pakeenfarm.com","(781) 828-0111","42.304677","-71.072524"
"Medford Farmers Market","2501 Mystic Valley Parkway-Condon Shell","Medford","MA","02155","Dates & Time: June 4 to October 15; Thursday, 3:00 pm - 7:00 pm; WIC & Senior Coupons Accepted; EBT-SNAP Accepted. 

","www.medfordfarmersmarket.org","","42.348504","-71.057232"
"Waltham Fields Community Farm","240 Beaver Street","Waltham","MA","02451","Open June - October, Waltham Fields Community Farm (WFCF) is a nonprofit agricultural organization that sustainably stewards agricultural land, providing its harvests and educational programming to local and Greater Boston communities. WFCF’s agricultural operations include a Community Supported Agriculture (CSA) program, Barn Store, and education and volunteering programs. 

Subsidized CSA shares are available. For details, go to https://communityfarms.org/csa/csa-overview.

Barn Store hours: Wednesday - Friday 2:30 pm - 6:30 pm, Saturday 9:00 am - 2:30 pm.  

","www.communityfarms.org","(781) 899-2403","42.335456","-71.089507"
"Arlington Farmers Market","Massachusetts Ave & Pleasant St-Russell Common Parking Lot","Arlington","MA","02474","Dates & Time: June 4 to October 29; Wednesday, 2:00 pm - 6:30 pm; WIC & Senior Coupons Accepted; EBT-SNAP Accepted with select vendors only. 

","www.farmersmarketarlington.org","","42.324947","-71.093076"
"Farmer Dave's - CSA Pick-Up","195 Canal St","Malden","MA","02148","CSA Pick-up Days: Wednesday, Starting in June.","farmerdaves.csaware.com/store/","978-349-1952","42.363625","-71.11753"
"Lizzy's Homemade Ice Cream","367 Moody St","Waltham","MA","02451","Second-generation, classic homemade ice cream parlor located in Waltham, MA, with another location in Harvard Sq., Cambridge. Make a variety of products homemade including, the ice cream, hot fudge, waffle bowls, pastries and other trending items. ","www.lizzysicecream.com","(781) 893-6677","42.359689","-71.120305"
"Snug Harbor Farmstand","O'Brien Towers, 73 Bicknell Street","QUINCY","MA","02169","Dates and Time: Wednesday, 1:00 pm - 6:00 pm, July to Fall.","","","42.336367","-71.08632"
"The Bean Family Farm ","711 Clapboardtree Street ","Westwood","MA","02090","Premier source for farm fresh produce, meat, pumpkin, and Christmas products. Stand open June through Christmas selling all of our farms products as well as other locally sourced agricultural products for both retail as well as wholesale. Large autumn display with beautiful pumpkins, squashes, and apples among other fall items. Sell fresh cut Christmas trees of all sizes, wreaths and many other holiday decorations. ","https://www.beanfamilyfarm.com/","(781) 223-3604","42.36848","-71.035779"
"Waltham Fields Community Farm Mobile Market","50 Church Street","Waltham","MA","02451","First Parish Church, 50 Church St.; Dates and Time: Tuesday, 4:30 pm - 6:30 pm; July to October; WIC & Senior Coupons Accepted. ","www.communityfarms.org","","42.367953","-71.051691"
"Waltham Farmers Market","65 Lexington Street","Waltham","MA","02453","Dates & Time: June 6 to October 31; Saturday, 9:30 am - 2:00 pm; WIC & Senior Coupons Accepted; EBT-SNAP Accepted.



 ","www.walthamfarmersmarket.org","","42.324368","-71.090223"
"Belmont Bee Company","19 Greensboro Way","Belmont","MA","02478","At the Belmont Bee Company, our focus is on the watchful care of our bees as they work busily to produce one of the most amazing, all-natural, and delicious products on earth.","www.belmontbeecompany.com","(201) 213-9788","42.340191","-71.048052"
"Malden Farmers Market","City Hall Plaza","Malden","MA","02148","Dates and Time: July 2 to September 24; Wednesday, 3:00 pm - 7:00 pm. ","www.maplewood-events.com/farmersmarket","","42.317929","-71.078572"
"New Entry Mobile Market","45 Dolphin Ave. ","Revere","MA","02151","Dates and Time: Thursday, 1:00 pm - 2:00 pm, June 12 to October 30. ","nesfp.org","(978) 654-6745","42.350658","-71.047291"
"Braintree Farmers Market","1 John F Kennedy Memorial Dr.-Town Hall Mall","Braintree","MA","02184","Dates & Time: June 14 to October 11; Saturday, 9:00 am - 1:00 pm; WIC & Senior Coupons Accepted; 
Holiday Market: 11/22.","www.braintreefarmersmarket.org","","42.363653","-71.118515"
"New Entry Mobile Market","50 Walnut Ave. ","Revere","MA","02151","Dates and Time: Thursday, 2:30 pm - 3:30 pm, June 12 to October 30. ","nesfp.org","(978) 654-6745","42.339435","-71.041063"
"Farmer Dave's - CSA Pick-Up","60 Lowell Street","Arlington","MA","02474","CSA Pick-up Days: Friday, 2:00 pm - 6:00 pm.","farmerdaves.csaware.com/store/","978-349-1952","42.369344","-71.118027"
"Revere Beach Farmers Market","Beaver Street between Ocean Ave and Revere Beach Blvd. ","Revere","MA","02151","Dates & Time: July 25 to September 26; Saturday, 11:00 am - 3:00 pm: WIC & Senior Coupons Accepted; EBT-SNAP Accepted. 

","www.revere.org/departments/public-health-division/healthy-living/revere-farmers-market  ","","42.360401","-71.117864"
"Brookfield Farm - CSA Pick-Up","70 Hancock Street","Bedford","MA","01730","CSA Pick-up Days: Thursday, Starting in June. ","www.brookfieldfarm.org/csa/","413-253-7991","42.288816","-71.093574"
"Norwood Farmers Market","Nahatan and Washington Streets-Town Common","Norwood","MA","02062","Dates & Times: June 17 to October 14; Tuesday, 2:00 pm - 6:00pm; WIC & Senior Coupons Accepted; EBT-SNAP Accepted.","","","42.327492","-71.09245"
"Capeway Florists","249 North Street","Weymouth","MA","02191","","","781 337-1470","42.27819","-71.097283"
"Furlong's Candies & Ice Cream","23 Cottage Street","Norwood","MA","02062","","www.furlongscandies.com","(781) 762-4124","42.332512","-71.056183"
"Weymouth Farmers Market","46 Broad Street","Weymouth","MA","02190","Tufts Library, Weston Park; Dates & Time: Every other Wednesday, 4:00 pm - 7:00 pm; June 11 to October 11; WIC & Senior Coupons Accepted; EBT-SNAP Accepted. 
","www.weymouthfarmersmarket.com/","","42.377479","-71.034772"
"Lexington Community Farm","52 Lowell Street","Lexington","MA","02420","Community-based farm where area residents come to learn about and enjoy organic produce, premium food, sustainable farming, and nature. Farm store, year-round CSA offerings including veggies, fruit, mushrooms, eggs and flowers, hands-on education classes for children and adults, volunteer programs. 
CSA Pickup(s): On Farm.


","www.lexfarm.org","() -","42.317097","-71.087982"
"Lexington Community Farm CSA","52 Lowell Street","Lexington","MA","02420","Community-based farm where area residents come to learn about and enjoy organic produce, premium food, sustainable farming, and nature. Farm store, year-round CSA offerings including veggies, fruit, mushrooms, eggs and flowers, hands-on education classes for children and adults, volunteer programs. 
CSA Pickup(s): On Farm.

","www.lexfarm.org","() -","42.359715","-71.128763"
"Wilson Farm","10 Pleasant Street","Lexington","MA","02421","Family owned and operated for 140-years and open year-round. Awarded multiple “Best of Boston” titles. Offer the freshest local produce, flowers, plants, gourmet baked goods, master-chef prepared meals and more. Offers 3 CSA shares that include produce, cut flowers, and locally sourced fish available for pickup. “Pick Your Own Tulips” in the Spring!

CSA Products Offered: Produce, Flowers, Fish
Pickup(s): On Farm","WilsonFarm.com","(781) 862-3900","42.37139","-71.033504"
"Wright-Locke Farm","78-82 Ridge Street","Winchester","MA","01890","A historic certified organic farm retailing via a contactless online sales platform, farmers markets, and a CSA (veg, flowers, & herbs) with a PYO raspberry and flower operation and farm stand when raspberries are in season operating on the traditional territory of the Massa-adchu-es-et and Pawtucket peoples. Offer educational classes for kids and adults and tours for school groups. An entrance point to 130 acres of trails in adjacent conservation land. Monthly events welcoming the community.","www.wlfarm.org","(781) 729-8775","42.367235","-71.053588"
"Lexington Winter Farmers' Market","739 Massachusetts Ave.-Waldorf School of Lexington (Back entrance)","Lexington","MA","02420","Dates & Times: 2nd Saturdays, 11:00 am - 2:00 pm; January 3 to April 11; EBT-SNAP Accepted.","www.lexingtonfarmersmarket.org","","42.37314","-71.030045"
"Powisset Farm","37 Powisset Street","Dover","MA","02030","Powisset Farm is a property of the Trustees of Reservations. Our farm began in 2007. We operate a 250-person CSA, do a small amount of restaurant sales, as well as weekly donations to local food pantries. We also have volunteer opportunities, educational workshops for children and adults, school tours, cooking classes, walks and hikes, farm dinners, 4H programs for kids and opportunities to volunteer.

CSA Products offered: Vegetables, Fruit, Flowers
Pickup(s): On Farm, Tuesday, 2:00 pm - 6:00 pm; Thursday, 10:00 am - 6:00 pm; Saturday, 10:00 am - 4:00 pm
June to December","www.thetrustees.org/program/powisset-farm-stand","(505) 785-0339","42.28857","-71.086931"
"Wagon Wheel Farm Stand","927 Waltham Street","Lexington","MA","02421","Farmstand, deli, garden center, much and lawn loam deliveries (local), and landscaping","www.wagonwheelfarmstand.com","(781) 862-2112","42.374364","-71.034207"
"Pizzi Farm Ice Cream","495 Lincoln Street","Waltham","MA","02451","","www.pizzifarm.com","(781) 891-1032","42.359756","-71.063835"
"Allston Fresh Market 1","399 Tremont St.","ALLSTON","MA","02134","Wednesday, 10:00 am - 2:00 pm, Year-Round; WIC & Senior Coupons Accepted; SNAP-EBT Accepted.","","","42.356872","-71.118222"
"Brighton Fresh Market 2","756 American Legion Hwy.","BRIGHTON","MA","02135","Friday, 2:00 pm - 6:00 pm, July to October; WIC, HIP & SNAP-EBT Accepted.","","","42.343017","-71.138969"
"Mattapan Fresh Market 3","441 Morton St.","MATTAPAN","MA","02126","Sunday, 11:00 am - 3:00 pm, Year-Round; WIC & Senior Coupons Accepted; SNAP-EBT Accepted.","","","42.288767","-71.08881"
"West Roxbury Growers Market 4","407 Dudley St.","WEST ROXBURY","MA","02132","Wednesday, 10:00 am - 2:00 pm, Year-Round; WIC & Senior Coupons Accepted; SNAP-EBT Accepted.","","","42.279107","-71.164578"
"Fenway Growers Market 5","356 Blue Hill Ave.","FENWAY","MA","02115","Sunday, 11:00 am - 3:00 pm, Year-Round; SNAP-EBT Accepted.","","","42.346143","-71.098953"
"Brighton Mobile Market 6","581 Washington St.","BRIGHTON","MA","02135","Wednesday, 10:00 am - 2:00 pm, Year-Round; SNAP-EBT Accepted with select vendors.","","","42.359212","-71.140582"
"South Boston Farm Stand 7","541 Boylston St.","SOUTH BOSTON","MA","02127","Sunday, 11:00 am - 3:00 pm, Year-Round; Cash only.","","","42.349481","-71.051765"
"Mattapan Growers Market 8","985 Boylston St.","MATTAPAN","MA","02126","Wednesday, 10:00 am - 2:00 pm, Year-Round; Cash only.","","","42.285218","-71.085308"
"South End Farmers Market 9","686 Centre St.","SOUTH END","MA","02118","Tuesday, 12:00 pm - 6:00 pm, June to November; SNAP-EBT Accepted.","","","42.345881","-71.06029"
"Allston Mobile Market 10","93 Boylston St.","ALLSTON","MA","02134","Friday, 2:00 pm - 6:00 pm, July to October; SNAP-EBT Accepted.","","","42.354972","-71.120787"
"Allston Fresh Market 11","347 Centre St.","ALLSTON","MA","02134","Thursday, 3:00 pm - 7:00 pm, June to October; WIC & Senior Coupons Accepted; SNAP-EBT Accepted.","","","42.368599","-71.114371"
"Charlestown Community Market 12","226 Cummins Hwy.","CHARLESTOWN","MA","02129","Sunday, 11:00 am - 3:00 pm, Year-Round; Cash only.","","","42.384052","-71.066926"
"Hyde Park Farmers Market 13","497 Boylston St.","HYDE PARK","MA","02136","Wednesday, 10:00 am - 2:00 pm, Year-Round; WIC, HIP & SNAP-EBT Accepted.","","","42.260321","-71.130792"
"Allston Farmers Market 14","137 Blue Hill Ave.","ALLSTON","MA","02134","Wednesday, 10:00 am - 2:00 pm, Year-Round; SNAP-EBT Accepted with select vendors.","","","42.355534","-71.128702"
"Roxbury Fresh Market 15","956 Tremont St.","ROXBURY","MA","02119","Saturday, 9:00 am - 1:00 pm, May to October; Cash only.","","","42.337363","-71.07777"
"Dorchester Community Market 16","888 Dudley St.","DORCHESTER","MA","02121","Wednesday, 10:00 am - 2:00 pm, Year-Round; SNAP-EBT Accepted.","","","42.301522","-71.076999"
"West Roxbury Farm Stand 17","58 Harvard St.","WEST ROXBURY","MA","02132","Thursday, 3:00 pm - 7:00 pm, June to October; Cash only.","","","42.276862","-71.153177"
"Allston Community Market 18","434 Dudley St.","ALLSTON","MA","02134","Sunday, 11:00 am - 3:00 pm, Year-Round; SNAP-EBT Accepted.","","","42.355662","-71.131223"
"East Boston Mobile Market 19","748 Dudley St.","EAST BOSTON","MA","02128","Saturday & Sunday, 10:00 am - 2:00 pm, June to November; Cash only.","","","42.368744","-71.032536"
"Mattapan Community Market 20","679 Morton St.","MATTAPAN","MA","02126","Tuesday, 12:00 pm - 6:00 pm, June to November; SNAP-EBT Accepted with select vendors.","","","42.278435","-71.088433"
"Charlestown Mobile Market 21","738 Tremont St.","CHARLESTOWN","MA","02129","Saturday, 9:00 am - 1:00 pm, May to October; Cash only.","","","42.382727","-71.067758"
"South Boston Community Market 22","441 Boylston St.","SOUTH BOSTON","MA","02127","Tuesday, 12:00 pm - 6:00 pm, June to November; WIC, HIP & SNAP-EBT Accepted.","","","42.337175","-71.045873"
"East Boston Fresh Market 23","817 Cummins Hwy.","EAST BOSTON","MA","02128","Wednesday, 10:00 am - 2:00 pm, Year-Round; SNAP-EBT Accepted with select vendors.","","","42.372357","-71.042664"
"Charlestown Farm Stand 24","856 Hyde Park Ave.","CHARLESTOWN","MA","02129","Saturday, 9:00 am - 1:00 pm, May to October; Cash only.","","","42.381408","-71.058323"
"Fenway Mobile Market 25","692 Morton St.","FENWAY","MA","02115","Wednesday, 10:00 am - 2:00 pm, Year-Round; Cash only.","","","42.343763","-71.102642"
"Jamaica Plain Growers Market 26","693 Harvard St.","JAMAICA PLAIN","MA","02130","Saturday, 9:00 am - 1:00 pm, May to October; WIC & Senior Coupons Accepted; SNAP-EBT Accepted.","","","42.325844","-71.081579"
"Roslindale Growers Market 27","665 Columbus Ave.","ROSLINDALE","MA","02131","Thursday, 3:00 pm - 7:00 pm, June to October; WIC & Senior Coupons Accepted; SNAP-EBT Accepted.","","","42.282348","-71.120488"
"Charlestown Farmers Market 28","419 Washington St.","CHARLESTOWN","MA","02129","Sunday, 11:00 am - 3:00 pm, Year-Round; WIC, HIP & SNAP-EBT Accepted.","","","42.372845","-71.059802"
"Charlestown Fresh Market 29","775 Centre St.","CHARLESTOWN","MA","02129","Saturday & Sunday, 10:00 am - 2:00 pm, June to November; Cash only.","","","42.385996","-71.06445"
"West Roxbury Mobile Market 30","766 American Legion Hwy.","WEST ROXBURY","MA","02132","Sunday, 11:00 am - 3:00 pm, Year-Round; WIC, HIP & SNAP-EBT Accepted.","","","42.282068","-71.153978"
"West Roxbury Community Market 31","793 Hyde Park Ave.","WEST ROXBURY","MA","02132","Wednesday, 10:00 am - 2:00 pm, Year-Round; SNAP-EBT Accepted.","","","42.288792","-71.153285"
"Dorchester Farmers Market 32","604 Washington St.","DORCHESTER","MA","02121","Thursday, 3:00 pm - 7:00 pm, June to October; SNAP-EBT Accepted with select vendors.","","","42.299146","-71.06717"
"Hyde Park Community Market 33","612 Hyde Park Ave.","HYDE PARK","MA","02136","Wednesday, 10:00 am - 2:00 pm, Year-Round; SNAP-EBT Accepted.","","","42.264153","-71.119215"
"Allston Community Market 34","818 Centre St.","ALLSTON","MA","02134","Thursday, 3:00 pm - 7:00 pm, June to October; SNAP-EBT Accepted with select vendors.","","","42.354712","-71.129548"
"South Boston Growers Market 35","898 Dudley St.","SOUTH BOSTON","MA","02127","Friday, 2:00 pm - 6:00 pm, July to October; Cash only.","","","42.339427","-71.041022"
"Roxbury Farm Stand 36","378 Columbus Ave.","ROXBURY","MA","02119","Saturday, 9:00 am - 1:00 pm, May to October; Cash only.","","","42.333308","-71.076984"
"Allston Mobile Market 37","198 Dudley St.","ALLSTON","MA","02134","Sunday, 11:00 am - 3:00 pm, Year-Round; Cash only.","","","42.36437","-71.114252"
"South End Fresh Market 38","255 Cummins Hwy.","SOUTH END","MA","02118","Tuesday, 12:00 pm - 6:00 pm, June to November; SNAP-EBT Accepted.","","","42.348735","-71.063706"
"East Boston Farmers Market 39","680 Morton St.","EAST BOSTON","MA","02128","Sunday, 11:00 am - 3:00 pm, Year-Round; WIC, HIP & SNAP-EBT Accepted.","","","42.369556","-71.047684"
"East Boston Farm Stand 40","433 Columbus Ave.","EAST BOSTON","MA","02128","Wednesday, 10:00 am - 2:00 pm, Year-Round; WIC, HIP & SNAP-EBT Accepted.","","","42.38116","-71.040749"
"Jamaica Plain Farm Stand 41","360 VFW Pkwy.","JAMAICA PLAIN","MA","02130","Sunday, 11:00 am - 3:00 pm, Year-Round; SNAP-EBT Accepted with select vendors.","","","42.312653","-71.085697"
"Hyde Park Farm Stand 42","803 American Legion Hwy.","HYDE PARK","MA","02136","Saturday & Sunday, 10:00 am - 2:00 pm, June to November; WIC & Senior Coupons Accepted; SNAP-EBT Accepted.","","","42.248409","-71.130407"
"Brighton Farmers Market 43","682 Harvard St.","BRIGHTON","MA","02135","Sunday, 11:00 am - 3:00 pm, Year-Round; WIC & Senior Coupons Accepted; SNAP-EBT Accepted.","","","42.355361","-71.147074"
"East Boston Fresh Market 44","678 Dudley St.","EAST BOSTON","MA","02128","Tuesday, 12:00 pm - 6:00 pm, June to November; SNAP-EBT Accepted.","","","42.377645","-71.033049"
"Roxbury Farmers Market 45","568 Blue Hill Ave.","ROXBURY","MA","02119","Saturday & Sunday, 10:00 am - 2:00 pm, June to November; WIC, HIP & SNAP-EBT Accepted.","","","42.334639","-71.090002"
"West Roxbury Farm Stand 46","811 Morton St.","WEST ROXBURY","MA","02132","Sunday, 11:00 am - 3:00 pm, Year-Round; WIC, HIP & SNAP-EBT Accepted.","","","42.28449","-71.1568"
"East Boston Community Market 47","801 Washington St.","EAST BOSTON","MA","02128","Saturday & Sunday, 10:00 am - 2:00 pm, June to November; Cash only.","","","42.367984","-71.044668"
"Dorchester Growers Market 48","160 Cummins Hwy.","DORCHESTER","MA","02121","Sunday, 11:00 am - 3:00 pm, Year-Round; SNAP-EBT Accepted.","","","42.29666","-71.060697"
"Roslindale Farm Stand 49","109 Warren St.","ROSLINDALE","MA","02131","Sunday, 11:00 am - 3:00 pm, Year-Round; Cash only.","","","42.288194","-71.125156"
"Mission Hill Farm Stand 50","92 Boylston St.","MISSION HILL","MA","02120","Saturday & Sunday, 10:00 am - 2:00 pm, June to November; WIC & Senior Coupons Accepted; SNAP-EBT Accepted.","","","42.336133","-71.102484"
"East Boston Fresh Market 51","613 Washington St.","EAST BOSTON","MA","02128","Thursday, 3:00 pm - 7:00 pm, June to October; SNAP-EBT Accepted.","","","42.370011","-71.045041"
"Jamaica Plain Fresh Market 52","912 Columbus Ave.","JAMAICA PLAIN","MA","02130","Saturday, 9:00 am - 1:00 pm, May to October; SNAP-EBT Accepted with select vendors.","","","42.312025","-71.085905"
"Dorchester Farm Stand 53","51 Harvard St.","DORCHESTER","MA","02121","Sunday, 11:00 am - 3:00 pm, Year-Round; SNAP-EBT Accepted with select vendors.","","","42.307738","-71.065248"
"Roslindale Mobile Market 54","858 Washington St.","ROSLINDALE","MA","02131","Saturday & Sunday, 10:00 am - 2:00 pm, June to November; SNAP-EBT Accepted with select vendors.","","","42.285985","-71.126136"
"Hyde Park Community Market 55","700 Washington St.","HYDE PARK","MA","02136","Friday, 2:00 pm - 6:00 pm, July to October; Cash only.","","","42.253844","-71.120619"
"Roslindale Fresh Market 56","243 Centre St.","ROSLINDALE","MA","02131","Thursday, 3:00 pm - 7:00 pm, June to October; SNAP-EBT Accepted.","","","42.278819","-71.124339"
"Roxbury Farmers Market 57","873 Hyde Park Ave.","ROXBURY","MA","02119","Thursday, 3:00 pm - 7:00 pm, June to October; SNAP-EBT Accepted.","","","42.33318","-71.092483"
"Mattapan Farm Stand 58","144 Boylston St.","MATTAPAN","MA","02126","Friday, 2:00 pm - 6:00 pm, July to October; SNAP-EBT Accepted with select vendors.","","","42.275603","-71.087157"
"Roxbury Mobile Market 59","603 Warren St.","ROXBURY","MA","02119","Wednesday, 10:00 am - 2:00 pm, Year-Round; SNAP-EBT Accepted.","","","42.339788","-71.092359"
"Allston Farmers Market 60","969 Cummins Hwy.","ALLSTON","MA","02134","Wednesday, 10:00 am - 2:00 pm, Year-Round; WIC, HIP & SNAP-EBT Accepted.","","","42.3566","-71.124076"
"South Boston Farmers Market 61","948 Hyde Park Ave.","SOUTH BOSTON","MA","02127","Saturday, 9:00 am - 1:00 pm, May to October; WIC, HIP & SNAP-EBT Accepted.","","","42.334778","-71.044995"
"South Boston Farmers Market 62","223 Morton St.","SOUTH BOSTON","MA","02127","Thursday, 3:00 pm - 7:00 pm, June to October; WIC, HIP & SNAP-EBT Accepted.","","","42.33553","-71.043788"
"Roxbury Farm Stand 63","496 Morton St.","ROXBURY","MA","02119","Wednesday, 10:00 am - 2:00 pm, Year-Round; SNAP-EBT Accepted with select vendors.","","","42.326021","-71.083715"
"Roslindale Fresh Market 64","526 Boylston St.","ROSLINDALE","MA","02131","Tuesday, 12:00 pm - 6:00 pm, June to November; WIC & Senior Coupons Accepted; SNAP-EBT Accepted.","","","42.279329","-71.131918"
"Hyde Park Fresh Market 65","441 American Legion Hwy.","HYDE PARK","MA","02136","Sunday, 11:00 am - 3:00 pm, Year-Round; SNAP-EBT Accepted.","","","42.250649","-71.127667"
"Fenway Farm Stand 66","352 Cummins Hwy.","FENWAY","MA","02115","Tuesday, 12:00 pm - 6:00 pm, June to November; SNAP-EBT Accepted.","","","42.354679","-71.098338"
"East Boston Farmers Market 67","204 Boylston St.","EAST BOSTON","MA","02128","Friday, 2:00 pm - 6:00 pm, July to October; SNAP-EBT Accepted with select vendors.","","","42.367932","-71.031696"
"Charlestown Fresh Market 68","271 Washington St.","CHARLESTOWN","MA","02129","Sunday, 11:00 am - 3:00 pm, Year-Round; SNAP-EBT Accepted with select vendors.","","","42.372732","-71.062638"
"Roxbury Farm Stand 69","362 American Legion Hwy.","ROXBURY","MA","02119","Friday, 2:00 pm - 6:00 pm, July to October; SNAP-EBT Accepted with select vendors.","","","42.332555","-71.089434"
"Jamaica Plain Community Market 70","976 Washington St.","JAMAICA PLAIN","MA","02130","Wednesday, 10:00 am - 2:00 pm, Year-Round; WIC & Senior Coupons Accepted; SNAP-EBT Accepted.","","","42.320749","-71.078573"
"Allston Community Market 71","28 Harvard St.","ALLSTON","MA","02134","Thursday, 3:00 pm - 7:00 pm, June to October; WIC & Senior Coupons Accepted; SNAP-EBT Accepted.","","","42.36209","-71.117864"
"Jamaica Plain Farm Stand 72","39 Centre St.","JAMAICA PLAIN","MA","02130","Wednesday, 10:00 am - 2:00 pm, Year-Round; SNAP-EBT Accepted with select vendors.","","","42.320973","-71.07991"
"Dorchester Mobile Market 73","670 Washington St.","DORCHESTER","MA","02121","Tuesday, 12:00 pm - 6:00 pm, June to November; Cash only.","","","42.293957","-71.062008"
"Hyde Park Mobile Market 74","388 Cummins Hwy.","HYDE PARK","MA","02136","Sunday, 11:00 am - 3:00 pm, Year-Round; Cash only.","","","42.260118","-71.117222"
"Brighton Community Market 75","344 Morton St.","BRIGHTON","MA","02135","Saturday & Sunday, 10:00 am - 2:00 pm, June to November; SNAP-EBT Accepted.","","","42.346319","-71.145817"
"Mission Hill Community Market 76","44 Tremont St.","MISSION HILL","MA","02120","Saturday, 9:00 am - 1:00 pm, May to October; WIC, HIP & SNAP-EBT Accepted.","","","42.324044","-71.093427"
"Fenway Farm Stand 77","649 Tremont St.","FENWAY","MA","02115","Thursday, 3:00 pm - 7:00 pm, June to October; Cash only.","","","42.347096","-71.095365"
"Brighton Mobile Market 78","89 Warren St.","BRIGHTON","MA","02135","Tuesday, 12:00 pm - 6:00 pm, June to November; SNAP-EBT Accepted.","","","42.346481","-71.136438"
"Mission Hill Mobile Market 79","836 Morton St.","MISSION HILL","MA","02120","Thursday, 3:00 pm - 7:00 pm, June to October; SNAP-EBT Accepted with select vendors.","","","42.331374","-71.104967"
"Hyde Park Farmers Market 80","557 Boylston St.","HYDE PARK","MA","02136","Saturday, 9:00 am - 1:00 pm, May to October; Cash only.","","","42.260253","-71.132274"
